,ticker,year,number
0,ORCL,2007,53
1,ORCL,2008,53
2,ORCL,2009,53
3,ORCL,2012,53
4,ORCL,2013,53
5,ORCL,2014,53
6,ORCL,2015,53
7,ORCL,2018,53
8,ORCL,2019,53
9,ORCL,2020,53
10,MSFT,2007,53
11,MSFT,2008,53
12,MSFT,2009,53
13,MSFT,2012,53
14,MSFT,2013,53
15,MSFT,2014,53
16,MSFT,2015,53
17,MSFT,2018,53
18,MSFT,2019,53
19,MSFT,2020,53
20,HON,2007,53
21,HON,2008,53
22,HON,2009,53
23,HON,2012,53
24,HON,2013,53
25,HON,2014,53
26,HON,2015,53
27,HON,2018,53
28,HON,2019,53
29,HON,2020,53
30,T,2007,53
31,T,2008,53
32,T,2009,53
33,T,2012,53
34,T,2013,53
35,T,2014,53
36,T,2015,53
37,T,2018,53
38,T,2019,53
39,T,2020,53
40,AMWD,2007,53
41,AMWD,2008,53
42,AMWD,2009,53
43,AMWD,2012,53
44,AMWD,2013,53
45,AMWD,2014,53
46,AMWD,2015,53
47,AMWD,2018,53
48,AMWD,2019,53
49,AMWD,2020,53
50,FISV,2007,53
51,FISV,2008,53
52,FISV,2009,53
53,FISV,2012,53
54,FISV,2013,53
55,FISV,2014,53
56,FISV,2015,53
57,FISV,2018,53
58,FISV,2019,53
59,FISV,2020,53
60,FISV,2023,23
61,FI,2005,0
62,FI,2006,0
63,FI,2007,0
64,FI,2008,0
65,FI,2009,0
66,FI,2010,0
67,FI,2011,0
68,FI,2012,0
69,FI,2013,22
70,FI,2014,53
71,FI,2015,53
72,FI,2018,53
73,FI,2019,53
74,FI,2020,53
75,FI,2021,39
76,FI,2022,0
77,FI,2023,30
78,BWS,2007,53
79,BWS,2008,53
80,BWS,2009,53
81,BWS,2012,53
82,BWS,2013,53
83,BWS,2014,53
84,BWS,2015,22
85,BWS,2016,0
86,BWS,2017,0
87,BWS,2018,0
88,BWS,2019,0
89,BWS,2020,0
90,BWS,2021,0
91,BWS,2022,0
92,BWS,2023,0
93,CAL,2007,53
94,CAL,2008,53
95,CAL,2009,53
96,CAL,2010,39
97,CAL,2011,0
98,CAL,2012,0
99,CAL,2013,0
100,CAL,2014,0
101,CAL,2015,32
102,CAL,2018,53
103,CAL,2019,53
104,CAL,2020,53
105,BNK,2005,9
106,BNK,2006,0
107,BNK,2007,0
108,BNK,2008,0
109,BNK,2009,0
110,BNK,2010,0
111,BNK,2011,0
112,BNK,2012,0
113,BNK,2013,0
114,BNK,2014,0
115,BNK,2015,0
116,BNK,2016,0
117,BNK,2017,0
118,BNK,2018,0
119,BNK,2019,0
120,BNK,2020,0
121,BNK,2021,0
122,BNK,2022,0
123,BNK,2023,0
124,DELL,2007,53
125,DELL,2008,53
126,DELL,2009,53
127,DELL,2012,53
128,DELL,2013,44
129,DELL,2014,0
130,DELL,2015,0
131,DELL,2016,0
132,DELL,2017,0
133,DELL,2018,2
134,DELL,2019,53
135,DELL,2020,53
136,FBNC,2007,53
137,FBNC,2008,53
138,FBNC,2009,53
139,FBNC,2012,53
140,FBNC,2013,53
141,FBNC,2014,53
142,FBNC,2015,53
143,FBNC,2018,53
144,FBNC,2019,53
145,FBNC,2020,53
146,KO,2007,53
147,KO,2008,53
148,KO,2009,53
149,KO,2012,53
150,KO,2013,53
151,KO,2014,53
152,KO,2015,53
153,KO,2018,53
154,KO,2019,53
155,KO,2020,53
156,CDN,2005,43
157,CDN,2006,0
158,CDN,2007,0
159,CDN,2008,0
160,CDN,2009,0
161,CDN,2010,0
162,CDN,2011,0
163,CDN,2012,0
164,CDN,2013,0
165,CDN,2014,0
166,CDN,2015,0
167,CDN,2016,0
168,CDN,2017,0
169,CDN,2018,0
170,CDN,2019,0
171,CDN,2020,0
172,CDN,2021,0
173,CDN,2022,0
174,CDN,2023,0
175,CDNS,2005,9
176,CDNS,2007,53
177,CDNS,2008,53
178,CDNS,2009,53
179,CDNS,2012,53
180,CDNS,2013,53
181,CDNS,2014,53
182,CDNS,2015,53
183,CDNS,2018,53
184,CDNS,2019,53
185,CDNS,2020,53
186,FIC,2007,53
187,FIC,2008,53
188,FIC,2009,34
189,FIC,2010,0
190,FIC,2011,0
191,FIC,2012,0
192,FIC,2013,0
193,FIC,2014,0
194,FIC,2015,0
195,FIC,2016,0
196,FIC,2017,0
197,FIC,2018,0
198,FIC,2019,0
199,FIC,2020,0
200,FIC,2021,0
201,FIC,2022,0
202,FIC,2023,0
203,FICO,2005,0
204,FICO,2006,0
205,FICO,2007,0
206,FICO,2008,0
207,FICO,2009,20
208,FICO,2012,53
209,FICO,2013,53
210,FICO,2014,53
211,FICO,2015,53
212,FICO,2018,53
213,FICO,2019,53
214,FICO,2020,53
215,FAST,2007,53
216,FAST,2008,53
217,FAST,2009,53
218,FAST,2012,53
219,FAST,2013,53
220,FAST,2014,53
221,FAST,2015,53
222,FAST,2018,53
223,FAST,2019,53
224,FAST,2020,53
225,IMKTA,2007,53
226,IMKTA,2008,53
227,IMKTA,2009,53
228,IMKTA,2012,53
229,IMKTA,2013,53
230,IMKTA,2014,53
231,IMKTA,2015,53
232,IMKTA,2018,53
233,IMKTA,2019,53
234,IMKTA,2020,53
235,XOM,2007,53
236,XOM,2008,53
237,XOM,2009,53
238,XOM,2012,53
239,XOM,2013,53
240,XOM,2014,53
241,XOM,2015,53
242,XOM,2018,53
243,XOM,2019,53
244,XOM,2020,53
245,WMI,2007,53
246,WMI,2008,53
247,WMI,2009,32
248,WMI,2010,0
249,WMI,2011,0
250,WMI,2012,0
251,WMI,2013,0
252,WMI,2014,0
253,WMI,2015,0
254,WMI,2016,0
255,WMI,2017,0
256,WMI,2018,0
257,WMI,2019,0
258,WMI,2020,0
259,WMI,2021,0
260,WMI,2022,0
261,WMI,2023,0
262,WM,2007,53
263,WM,2008,39
264,WM,2009,22
265,WM,2012,53
266,WM,2013,53
267,WM,2014,53
268,WM,2015,53
269,WM,2018,53
270,WM,2019,53
271,WM,2020,53
272,GD,2007,53
273,GD,2008,53
274,GD,2009,53
275,GD,2012,53
276,GD,2013,53
277,GD,2014,53
278,GD,2015,53
279,GD,2018,53
280,GD,2019,53
281,GD,2020,53
282,LNN,2007,53
283,LNN,2008,53
284,LNN,2009,53
285,LNN,2012,53
286,LNN,2013,53
287,LNN,2014,53
288,LNN,2015,53
289,LNN,2018,53
290,LNN,2019,53
291,LNN,2020,53
292,CHTR,2007,53
293,CHTR,2008,53
294,CHTR,2009,15
295,CHTR,2010,16
296,CHTR,2012,53
297,CHTR,2013,53
298,CHTR,2014,53
299,CHTR,2015,53
300,CHTR,2016,53
301,CHTR,2018,53
302,CHTR,2019,53
303,CHTR,2020,53
304,SMFG,2005,0
305,SMFG,2006,0
306,SMFG,2007,0
307,SMFG,2008,0
308,SMFG,2009,0
309,SMFG,2010,9
310,SMFG,2012,53
311,SMFG,2013,53
312,SMFG,2014,53
313,SMFG,2015,53
314,SMFG,2018,53
315,SMFG,2019,53
316,SMFG,2020,53
317,IR,2007,53
318,IR,2008,53
319,IR,2009,54
320,IR,2012,53
321,IR,2013,53
322,IR,2014,53
323,IR,2015,53
324,IR,2018,53
325,IR,2019,53
326,IR,2020,53
327,TT,2005,3
328,TT,2006,0
329,TT,2007,6
330,TT,2008,23
331,TT,2009,0
332,TT,2010,0
333,TT,2011,0
334,TT,2012,0
335,TT,2013,0
336,TT,2014,0
337,TT,2015,0
338,TT,2016,0
339,TT,2017,0
340,TT,2018,0
341,TT,2019,0
342,TT,2020,44
343,AG,2007,53
344,AG,2008,53
345,AG,2009,18
346,AG,2010,3
347,AG,2012,53
348,AG,2013,53
349,AG,2014,53
350,AG,2015,53
351,AG,2018,53
352,AG,2019,53
353,AG,2020,53
354,IBM,2007,53
355,IBM,2008,53
356,IBM,2009,53
357,IBM,2012,53
358,IBM,2013,53
359,IBM,2014,53
360,IBM,2015,53
361,IBM,2018,53
362,IBM,2019,53
363,IBM,2020,53
364,ITT,2007,53
365,ITT,2008,53
366,ITT,2009,53
367,ITT,2012,53
368,ITT,2013,53
369,ITT,2014,53
370,ITT,2015,53
371,ITT,2016,53
372,ITT,2018,53
373,ITT,2019,53
374,ITT,2020,53
375,HCA,2006,47
376,HCA,2007,0
377,HCA,2008,0
378,HCA,2009,0
379,HCA,2010,0
380,HCA,2011,43
381,HCA,2012,53
382,HCA,2013,53
383,HCA,2014,53
384,HCA,2015,53
385,HCA,2018,53
386,HCA,2019,53
387,HCA,2020,53
388,PEP,2007,53
389,PEP,2008,53
390,PEP,2009,53
391,PEP,2012,53
392,PEP,2013,53
393,PEP,2014,53
394,PEP,2015,53
395,PEP,2018,53
396,PEP,2019,53
397,PEP,2020,53
398,MO,2007,53
399,MO,2008,53
400,MO,2009,53
401,MO,2012,53
402,MO,2013,53
403,MO,2014,53
404,MO,2015,53
405,MO,2018,53
406,MO,2019,53
407,MO,2020,53
408,COP,2007,53
409,COP,2008,53
410,COP,2009,53
411,COP,2012,53
412,COP,2013,53
413,COP,2014,53
414,COP,2015,53
415,COP,2018,53
416,COP,2019,53
417,COP,2020,53
418,AMGN,2007,53
419,AMGN,2008,53
420,AMGN,2009,53
421,AMGN,2012,53
422,AMGN,2013,53
423,AMGN,2014,53
424,AMGN,2015,53
425,AMGN,2018,53
426,AMGN,2019,53
427,AMGN,2020,53
428,XPRO,2005,0
429,XPRO,2006,0
430,XPRO,2007,0
431,XPRO,2008,0
432,XPRO,2009,0
433,XPRO,2010,0
434,XPRO,2011,0
435,XPRO,2012,0
436,XPRO,2013,0
437,XPRO,2014,0
438,XPRO,2015,0
439,XPRO,2016,0
440,XPRO,2017,0
441,XPRO,2018,0
442,XPRO,2019,0
443,XPRO,2020,0
444,XPRO,2021,13
445,MGNX,2005,0
446,MGNX,2006,0
447,MGNX,2007,0
448,MGNX,2008,0
449,MGNX,2009,0
450,MGNX,2010,0
451,MGNX,2011,0
452,MGNX,2012,0
453,MGNX,2013,13
454,MGNX,2014,53
455,MGNX,2015,53
456,MGNX,2018,53
457,MGNX,2019,53
458,MGNX,2020,53
459,SLB,2007,53
460,SLB,2008,53
461,SLB,2009,53
462,SLB,2012,53
463,SLB,2013,53
464,SLB,2014,53
465,SLB,2015,53
466,SLB,2018,53
467,SLB,2019,53
468,SLB,2020,53
469,SNSTA,2007,53
470,SNSTA,2008,53
471,SNSTA,2009,53
472,SNSTA,2012,5
473,SNSTA,2013,0
474,SNSTA,2014,0
475,SNSTA,2015,0
476,SNSTA,2016,0
477,SNSTA,2017,0
478,SNSTA,2018,0
479,SNSTA,2019,0
480,SNSTA,2020,0
481,SNSTA,2021,0
482,SNSTA,2022,0
483,SNSTA,2023,0
484,CVX,2005,53
485,CVX,2007,53
486,CVX,2008,53
487,CVX,2009,53
488,CVX,2012,53
489,CVX,2013,53
490,CVX,2014,53
491,CVX,2015,53
492,CVX,2018,53
493,CVX,2019,53
494,CVX,2020,53
495,GOOG,2007,53
496,GOOG,2008,53
497,GOOG,2009,53
498,GOOG,2012,53
499,GOOG,2013,53
500,GOOG,2014,53
501,GOOG,2015,53
502,GOOG,2018,53
503,GOOG,2019,53
504,GOOG,2020,53
505,AAPL,2007,54
506,AAPL,2008,53
507,AAPL,2009,53
508,AAPL,2012,53
509,AAPL,2013,53
510,AAPL,2014,53
511,AAPL,2015,53
512,AAPL,2018,53
513,AAPL,2019,53
514,AAPL,2020,53
515,AMAT,2007,53
516,AMAT,2008,53
517,AMAT,2009,53
518,AMAT,2012,53
519,AMAT,2013,53
520,AMAT,2014,53
521,AMAT,2015,53
522,AMAT,2018,53
523,AMAT,2019,53
524,AMAT,2020,53
525,VMC,2007,53
526,VMC,2008,53
527,VMC,2009,53
528,VMC,2012,53
529,VMC,2013,53
530,VMC,2014,53
531,VMC,2015,53
532,VMC,2018,53
533,VMC,2019,53
534,VMC,2020,53
535,PYPL,2005,0
536,PYPL,2006,0
537,PYPL,2007,0
538,PYPL,2008,0
539,PYPL,2009,0
540,PYPL,2010,0
541,PYPL,2011,0
542,PYPL,2012,0
543,PYPL,2013,0
544,PYPL,2014,0
545,PYPL,2015,24
546,PYPL,2018,53
547,PYPL,2019,53
548,PYPL,2020,53
549,TXN,2007,53
550,TXN,2008,53
551,TXN,2009,53
552,TXN,2012,53
553,TXN,2013,53
554,TXN,2014,53
555,TXN,2015,53
556,TXN,2018,53
557,TXN,2019,53
558,TXN,2020,53
559,G,2005,40
560,G,2006,0
561,G,2007,0
562,G,2008,0
563,G,2009,0
564,G,2010,0
565,G,2011,0
566,G,2012,0
567,G,2013,0
568,G,2014,0
569,G,2015,0
570,G,2016,0
571,G,2017,0
572,G,2018,0
573,G,2019,0
574,G,2020,0
575,G,2021,0
576,G,2022,0
577,G,2023,0
578,HSY,2005,53
579,HSY,2007,53
580,HSY,2008,53
581,HSY,2009,53
582,HSY,2012,53
583,HSY,2013,53
584,HSY,2014,53
585,HSY,2015,53
586,HSY,2018,53
587,HSY,2019,53
588,HSY,2020,53
589,KR,2007,53
590,KR,2008,53
591,KR,2009,53
592,KR,2012,53
593,KR,2013,53
594,KR,2014,53
595,KR,2015,53
596,KR,2018,53
597,KR,2019,53
598,KR,2020,53
599,GDI,2005,0
600,GDI,2006,0
601,GDI,2007,0
602,GDI,2008,0
603,GDI,2009,0
604,GDI,2010,0
605,GDI,2011,0
606,GDI,2012,0
607,GDI,2013,0
608,GDI,2014,0
609,GDI,2015,0
610,GDI,2016,0
611,GDI,2017,34
612,GDI,2018,53
613,GDI,2019,53
614,GDI,2020,9
615,GDI,2021,0
616,GDI,2022,0
617,GDI,2023,0
618,CVS,2007,54
619,CVS,2008,53
620,CVS,2009,53
621,CVS,2012,53
622,CVS,2013,53
623,CVS,2014,54
624,CVS,2015,53
625,CVS,2018,53
626,CVS,2019,53
627,CVS,2020,53
628,GIS,2007,53
629,GIS,2008,53
630,GIS,2009,53
631,GIS,2012,53
632,GIS,2013,53
633,GIS,2014,53
634,GIS,2015,53
635,GIS,2018,53
636,GIS,2019,53
637,GIS,2020,53
638,MHP,2007,53
639,MHP,2008,53
640,MHP,2009,53
641,MHP,2012,53
642,MHP,2013,21
643,MHP,2014,0
644,MHP,2015,0
645,MHP,2016,0
646,MHP,2017,0
647,MHP,2018,0
648,MHP,2019,0
649,MHP,2020,0
650,MHP,2021,0
651,MHP,2022,0
652,MHP,2023,0
653,MHFI,2005,0
654,MHFI,2006,0
655,MHFI,2007,0
656,MHFI,2008,0
657,MHFI,2009,0
658,MHFI,2010,0
659,MHFI,2011,0
660,MHFI,2012,0
661,MHFI,2013,34
662,MHFI,2014,53
663,MHFI,2015,53
664,MHFI,2016,17
665,MHFI,2017,0
666,MHFI,2018,0
667,MHFI,2019,0
668,MHFI,2020,0
669,MHFI,2021,0
670,MHFI,2022,0
671,MHFI,2023,0
672,SPGI,2005,0
673,SPGI,2006,0
674,SPGI,2007,0
675,SPGI,2008,0
676,SPGI,2009,0
677,SPGI,2010,0
678,SPGI,2011,0
679,SPGI,2012,0
680,SPGI,2013,0
681,SPGI,2014,0
682,SPGI,2015,0
683,SPGI,2016,36
684,SPGI,2018,53
685,SPGI,2019,53
686,SPGI,2020,53
687,KMB,2007,53
688,KMB,2008,53
689,KMB,2009,53
690,KMB,2012,53
691,KMB,2013,53
692,KMB,2014,53
693,KMB,2015,53
694,KMB,2018,53
695,KMB,2019,53
696,KMB,2020,53
697,UTX,2007,53
698,UTX,2008,53
699,UTX,2009,53
700,UTX,2012,53
701,UTX,2013,53
702,UTX,2014,53
703,UTX,2015,53
704,UTX,2018,53
705,UTX,2019,53
706,UTX,2020,14
707,UTX,2021,0
708,UTX,2022,0
709,UTX,2023,0
710,RTX,2005,0
711,RTX,2006,0
712,RTX,2007,0
713,RTX,2008,0
714,RTX,2009,0
715,RTX,2010,0
716,RTX,2011,0
717,RTX,2012,0
718,RTX,2013,0
719,RTX,2014,0
720,RTX,2015,0
721,RTX,2016,0
722,RTX,2017,0
723,RTX,2018,0
724,RTX,2019,0
725,RTX,2020,40
726,RTX,2023,53
727,PG,2007,53
728,PG,2008,53
729,PG,2009,53
730,PG,2012,53
731,PG,2013,53
732,PG,2014,53
733,PG,2015,53
734,PG,2018,53
735,PG,2019,53
736,PG,2020,53
737,SO,2007,53
738,SO,2008,53
739,SO,2009,53
740,SO,2012,53
741,SO,2013,53
742,SO,2014,53
743,SO,2015,53
744,SO,2018,53
745,SO,2019,53
746,SO,2020,53
747,ALC,2005,0
748,ALC,2006,8
749,ALC,2007,53
750,ALC,2008,53
751,ALC,2009,53
752,ALC,2012,53
753,ALC,2013,28
754,ALC,2014,0
755,ALC,2015,0
756,ALC,2016,0
757,ALC,2017,0
758,ALC,2018,0
759,ALC,2019,39
760,ALC,2020,53
761,CAT,2007,53
762,CAT,2008,53
763,CAT,2009,53
764,CAT,2012,53
765,CAT,2013,53
766,CAT,2014,53
767,CAT,2015,53
768,CAT,2018,53
769,CAT,2019,53
770,CAT,2020,53
771,CL,2007,53
772,CL,2008,53
773,CL,2009,53
774,CL,2012,53
775,CL,2013,53
776,CL,2014,53
777,CL,2015,53
778,CL,2018,53
779,CL,2019,53
780,CL,2020,53
781,DE,2007,53
782,DE,2008,53
783,DE,2009,53
784,DE,2012,53
785,DE,2013,53
786,DE,2014,53
787,DE,2015,53
788,DE,2018,53
789,DE,2019,53
790,DE,2020,53
791,BMY,2007,53
792,BMY,2008,53
793,BMY,2009,53
794,BMY,2012,53
795,BMY,2013,53
796,BMY,2014,53
797,BMY,2015,53
798,BMY,2018,53
799,BMY,2019,53
800,BMY,2020,53
801,BA,2007,53
802,BA,2008,53
803,BA,2009,53
804,BA,2012,53
805,BA,2013,53
806,BA,2014,53
807,BA,2015,53
808,BA,2018,53
809,BA,2019,53
810,BA,2020,53
811,ABT,2007,53
812,ABT,2008,53
813,ABT,2009,53
814,ABT,2012,53
815,ABT,2013,53
816,ABT,2014,53
817,ABT,2015,53
818,ABT,2018,53
819,ABT,2019,53
820,ABT,2020,53
821,FERG,2005,0
822,FERG,2006,0
823,FERG,2007,0
824,FERG,2008,0
825,FERG,2009,0
826,FERG,2010,0
827,FERG,2011,0
828,FERG,2012,0
829,FERG,2013,0
830,FERG,2014,0
831,FERG,2015,0
832,FERG,2016,0
833,FERG,2017,0
834,FERG,2018,0
835,FERG,2019,0
836,FERG,2020,0
837,FERG,2021,43
838,CGAU,2005,0
839,CGAU,2006,0
840,CGAU,2007,0
841,CGAU,2008,0
842,CGAU,2009,0
843,CGAU,2010,0
844,CGAU,2011,0
845,CGAU,2012,0
846,CGAU,2013,0
847,CGAU,2014,0
848,CGAU,2015,0
849,CGAU,2016,0
850,CGAU,2017,0
851,CGAU,2018,0
852,CGAU,2019,0
853,CGAU,2020,0
854,CGAU,2021,38
855,LMT,2007,53
856,LMT,2008,53
857,LMT,2009,53
858,LMT,2012,53
859,LMT,2013,53
860,LMT,2014,53
861,LMT,2015,53
862,LMT,2018,53
863,LMT,2019,53
864,LMT,2020,53
865,NEM,2007,53
866,NEM,2008,53
867,NEM,2009,53
868,NEM,2012,53
869,NEM,2013,53
870,NEM,2014,53
871,NEM,2015,53
872,NEM,2018,53
873,NEM,2019,54
874,NEM,2020,54
875,EXC,2007,53
876,EXC,2008,53
877,EXC,2009,53
878,EXC,2012,53
879,EXC,2013,53
880,EXC,2014,53
881,EXC,2015,53
882,EXC,2018,53
883,EXC,2019,53
884,EXC,2020,53
885,PFE,2007,53
886,PFE,2008,53
887,PFE,2009,53
888,PFE,2012,53
889,PFE,2013,53
890,PFE,2014,53
891,PFE,2015,53
892,PFE,2018,53
893,PFE,2019,53
894,PFE,2020,53
895,EMR,2007,53
896,EMR,2008,53
897,EMR,2009,53
898,EMR,2012,53
899,EMR,2013,53
900,EMR,2014,53
901,EMR,2015,53
902,EMR,2018,53
903,EMR,2019,53
904,EMR,2020,53
905,JNJ,2007,53
906,JNJ,2008,53
907,JNJ,2009,53
908,JNJ,2012,53
909,JNJ,2013,53
910,JNJ,2014,53
911,JNJ,2015,53
912,JNJ,2018,53
913,JNJ,2019,53
914,JNJ,2020,53
915,FWRG,2005,0
916,FWRG,2006,0
917,FWRG,2007,0
918,FWRG,2008,0
919,FWRG,2009,0
920,FWRG,2010,0
921,FWRG,2011,0
922,FWRG,2012,0
923,FWRG,2013,0
924,FWRG,2014,0
925,FWRG,2015,0
926,FWRG,2016,0
927,FWRG,2017,0
928,FWRG,2018,0
929,FWRG,2019,0
930,FWRG,2020,0
931,FWRG,2021,14
932,PPG,2007,53
933,PPG,2008,53
934,PPG,2009,53
935,PPG,2012,53
936,PPG,2013,53
937,PPG,2014,53
938,PPG,2015,53
939,PPG,2018,53
940,PPG,2019,53
941,PPG,2020,53
942,MMM,2007,53
943,MMM,2008,53
944,MMM,2009,53
945,MMM,2012,53
946,MMM,2013,53
947,MMM,2014,53
948,MMM,2015,53
949,MMM,2018,53
950,MMM,2019,53
951,MMM,2020,53
952,MRK,2007,53
953,MRK,2008,53
954,MRK,2009,54
955,MRK,2012,53
956,MRK,2013,53
957,MRK,2014,53
958,MRK,2015,53
959,MRK,2018,53
960,MRK,2019,53
961,MRK,2020,53
962,WDS,2005,0
963,WDS,2006,0
964,WDS,2007,0
965,WDS,2008,0
966,WDS,2009,0
967,WDS,2010,0
968,WDS,2011,0
969,WDS,2012,0
970,WDS,2013,0
971,WDS,2014,0
972,WDS,2015,0
973,WDS,2016,0
974,WDS,2017,0
975,WDS,2018,0
976,WDS,2019,0
977,WDS,2020,0
978,WDS,2021,0
979,WDS,2022,31
980,CTAS,2007,53
981,CTAS,2008,53
982,CTAS,2009,53
983,CTAS,2012,53
984,CTAS,2013,53
985,CTAS,2014,53
986,CTAS,2015,53
987,CTAS,2018,53
988,CTAS,2019,53
989,CTAS,2020,53
990,HAL,2007,53
991,HAL,2008,53
992,HAL,2009,53
993,HAL,2012,53
994,HAL,2013,53
995,HAL,2014,53
996,HAL,2015,53
997,HAL,2018,53
998,HAL,2019,53
999,HAL,2020,53
1000,XEL,2007,53
1001,XEL,2008,53
1002,XEL,2009,53
1003,XEL,2012,53
1004,XEL,2013,53
1005,XEL,2014,53
1006,XEL,2015,53
1007,XEL,2018,53
1008,XEL,2019,53
1009,XEL,2020,53
1010,DBD,2007,53
1011,DBD,2008,53
1012,DBD,2009,53
1013,DBD,2012,53
1014,DBD,2013,53
1015,DBD,2014,53
1016,DBD,2015,53
1017,DBD,2018,53
1018,DBD,2019,53
1019,DBD,2020,53
1020,DBD,2023,41
1021,AEP,2007,53
1022,AEP,2008,53
1023,AEP,2009,53
1024,AEP,2012,53
1025,AEP,2013,53
1026,AEP,2014,53
1027,AEP,2015,53
1028,AEP,2018,53
1029,AEP,2019,53
1030,AEP,2020,53
1031,FPL,2007,53
1032,FPL,2008,53
1033,FPL,2009,53
1034,FPL,2010,26
1035,FPL,2011,0
1036,FPL,2012,0
1037,FPL,2013,0
1038,FPL,2014,0
1039,FPL,2015,0
1040,FPL,2016,0
1041,FPL,2017,0
1042,FPL,2018,0
1043,FPL,2019,0
1044,FPL,2020,0
1045,FPL,2021,0
1046,FPL,2022,0
1047,FPL,2023,0
1048,NEE,2005,0
1049,NEE,2006,0
1050,NEE,2007,0
1051,NEE,2008,0
1052,NEE,2009,0
1053,NEE,2010,28
1054,NEE,2012,53
1055,NEE,2013,53
1056,NEE,2014,53
1057,NEE,2015,53
1058,NEE,2018,53
1059,NEE,2019,53
1060,NEE,2020,53
1061,NOC,2007,53
1062,NOC,2008,53
1063,NOC,2009,53
1064,NOC,2012,53
1065,NOC,2013,53
1066,NOC,2014,53
1067,NOC,2015,53
1068,NOC,2018,53
1069,NOC,2019,53
1070,NOC,2020,53
1071,OKE,2007,53
1072,OKE,2008,53
1073,OKE,2009,53
1074,OKE,2012,53
1075,OKE,2013,53
1076,OKE,2014,53
1077,OKE,2015,53
1078,OKE,2018,53
1079,OKE,2019,53
1080,OKE,2020,53
1081,F,2007,53
1082,F,2008,53
1083,F,2009,53
1084,F,2012,53
1085,F,2013,53
1086,F,2014,53
1087,F,2015,53
1088,F,2018,53
1089,F,2019,53
1090,F,2020,53
1091,DIS,2007,53
1092,DIS,2008,53
1093,DIS,2009,53
1094,DIS,2012,53
1095,DIS,2013,53
1096,DIS,2014,53
1097,DIS,2015,53
1098,DIS,2018,53
1099,DIS,2019,53
1100,DIS,2020,53
1101,SNS,2007,53
1102,SNS,2008,53
1103,SNS,2009,53
1104,SNS,2010,14
1105,SNS,2011,0
1106,SNS,2012,0
1107,SNS,2013,0
1108,SNS,2014,0
1109,SNS,2015,0
1110,SNS,2016,0
1111,SNS,2017,0
1112,SNS,2018,0
1113,SNS,2019,0
1114,SNS,2020,0
1115,SNS,2021,0
1116,SNS,2022,0
1117,SNS,2023,0
1118,BH,2005,0
1119,BH,2006,0
1120,BH,2007,0
1121,BH,2008,0
1122,BH,2009,0
1123,BH,2010,39
1124,BH,2012,53
1125,BH,2013,53
1126,BH,2014,53
1127,BH,2015,53
1128,BH,2018,53
1129,BH,2019,53
1130,BH,2020,53
1131,CBRL,2007,53
1132,CBRL,2008,54
1133,CBRL,2009,53
1134,CBRL,2012,53
1135,CBRL,2013,53
1136,CBRL,2014,53
1137,CBRL,2015,53
1138,CBRL,2018,53
1139,CBRL,2019,53
1140,CBRL,2020,53
1141,UL,2007,53
1142,UL,2008,53
1143,UL,2009,53
1144,UL,2012,53
1145,UL,2013,53
1146,UL,2014,53
1147,UL,2015,53
1148,UL,2018,53
1149,UL,2019,53
1150,UL,2020,53
1151,AHC,2006,19
1152,AHC,2007,0
1153,AHC,2008,0
1154,AHC,2009,0
1155,AHC,2010,0
1156,AHC,2011,0
1157,AHC,2012,0
1158,AHC,2013,0
1159,AHC,2014,0
1160,AHC,2015,0
1161,AHC,2016,0
1162,AHC,2017,0
1163,AHC,2018,0
1164,AHC,2019,0
1165,AHC,2020,0
1166,AHC,2021,0
1167,AHC,2022,0
1168,AHC,2023,0
1169,HES,2005,0
1170,HES,2006,34
1171,HES,2007,53
1172,HES,2008,53
1173,HES,2009,53
1174,HES,2012,53
1175,HES,2013,53
1176,HES,2014,53
1177,HES,2015,53
1178,HES,2018,53
1179,HES,2019,53
1180,HES,2020,53
1181,CTS,2007,53
1182,CTS,2008,53
1183,CTS,2009,53
1184,CTS,2012,53
1185,CTS,2013,53
1186,CTS,2014,53
1187,CTS,2015,53
1188,CTS,2018,53
1189,CTS,2019,53
1190,CTS,2020,53
1191,BI,2007,53
1192,BI,2008,17
1193,BI,2009,0
1194,BI,2010,0
1195,BI,2011,0
1196,BI,2012,0
1197,BI,2013,0
1198,BI,2014,0
1199,BI,2015,0
1200,BI,2016,0
1201,BI,2017,0
1202,BI,2018,0
1203,BI,2019,0
1204,BI,2020,0
1205,BI,2021,0
1206,BI,2022,0
1207,BI,2023,0
1208,BCE,2007,53
1209,BCE,2008,53
1210,BCE,2009,53
1211,BCE,2012,53
1212,BCE,2013,53
1213,BCE,2014,53
1214,BCE,2015,53
1215,BCE,2018,53
1216,BCE,2019,53
1217,BCE,2020,53
1218,BP,2007,53
1219,BP,2008,53
1220,BP,2009,53
1221,BP,2012,53
1222,BP,2013,53
1223,BP,2014,53
1224,BP,2015,53
1225,BP,2018,53
1226,BP,2019,53
1227,BP,2020,53
1228,DG,2007,28
1229,DG,2008,0
1230,DG,2009,8
1231,DG,2012,53
1232,DG,2013,53
1233,DG,2014,53
1234,DG,2015,53
1235,DG,2018,53
1236,DG,2019,53
1237,DG,2020,53
1238,IMO,2007,53
1239,IMO,2008,53
1240,IMO,2009,53
1241,IMO,2012,53
1242,IMO,2013,53
1243,IMO,2014,53
1244,IMO,2015,53
1245,IMO,2018,53
1246,IMO,2019,53
1247,IMO,2020,53
1248,MXM,2007,53
1249,MXM,2008,53
1250,MXM,2010,0
1251,MXM,2011,0
1252,MXM,2012,0
1253,MXM,2013,0
1254,MXM,2014,0
1255,MXM,2015,0
1256,MXM,2016,0
1257,MXM,2017,0
1258,MXM,2018,0
1259,MXM,2019,0
1260,MXM,2020,0
1261,MXM,2021,0
1262,MXM,2022,0
1263,MXM,2023,0
1264,NUE,2007,53
1265,NUE,2008,53
1266,NUE,2009,53
1267,NUE,2012,53
1268,NUE,2013,53
1269,NUE,2014,53
1270,NUE,2015,53
1271,NUE,2018,53
1272,NUE,2019,53
1273,NUE,2020,53
1274,OXM,2007,53
1275,OXM,2008,53
1276,OXM,2009,53
1277,OXM,2012,53
1278,OXM,2013,53
1279,OXM,2014,53
1280,OXM,2015,53
1281,OXM,2018,53
1282,OXM,2019,53
1283,OXM,2020,53
1284,TRMK,2007,53
1285,TRMK,2008,53
1286,TRMK,2009,53
1287,TRMK,2012,53
1288,TRMK,2013,53
1289,TRMK,2014,53
1290,TRMK,2015,53
1291,TRMK,2018,53
1292,TRMK,2019,53
1293,TRMK,2020,53
1294,SHW,2007,53
1295,SHW,2008,53
1296,SHW,2009,53
1297,SHW,2012,53
1298,SHW,2013,53
1299,SHW,2014,53
1300,SHW,2015,53
1301,SHW,2018,53
1302,SHW,2019,53
1303,SHW,2020,53
1304,WMB,2007,53
1305,WMB,2008,53
1306,WMB,2009,53
1307,WMB,2012,53
1308,WMB,2013,53
1309,WMB,2014,53
1310,WMB,2015,53
1311,WMB,2018,53
1312,WMB,2019,53
1313,WMB,2020,53
1314,WFC,2007,53
1315,WFC,2008,53
1316,WFC,2009,53
1317,WFC,2012,53
1318,WFC,2013,53
1319,WFC,2014,53
1320,WFC,2015,53
1321,WFC,2018,53
1322,WFC,2019,53
1323,WFC,2020,53
1324,BDX,2007,53
1325,BDX,2008,53
1326,BDX,2009,53
1327,BDX,2012,53
1328,BDX,2013,53
1329,BDX,2014,53
1330,BDX,2015,53
1331,BDX,2018,53
1332,BDX,2019,53
1333,BDX,2020,53
1334,TJX,2007,53
1335,TJX,2008,53
1336,TJX,2009,53
1337,TJX,2012,53
1338,TJX,2013,53
1339,TJX,2014,53
1340,TJX,2015,53
1341,TJX,2018,53
1342,TJX,2019,53
1343,TJX,2020,53
1344,CMI,2007,53
1345,CMI,2008,53
1346,CMI,2009,53
1347,CMI,2012,53
1348,CMI,2013,53
1349,CMI,2014,53
1350,CMI,2015,53
1351,CMI,2018,53
1352,CMI,2019,53
1353,CMI,2020,53
1354,HWKN,2007,53
1355,HWKN,2008,53
1356,HWKN,2009,53
1357,HWKN,2012,53
1358,HWKN,2013,53
1359,HWKN,2014,53
1360,HWKN,2015,53
1361,HWKN,2018,53
1362,HWKN,2019,53
1363,HWKN,2020,53
1364,PH,2007,53
1365,PH,2008,53
1366,PH,2009,53
1367,PH,2012,53
1368,PH,2013,53
1369,PH,2014,53
1370,PH,2015,53
1371,PH,2018,53
1372,PH,2019,53
1373,PH,2020,53
1374,NX,2007,53
1375,NX,2008,54
1376,NX,2009,53
1377,NX,2012,53
1378,NX,2013,53
1379,NX,2014,53
1380,NX,2015,53
1381,NX,2018,53
1382,NX,2019,53
1383,NX,2020,53
1384,MCD,2007,53
1385,MCD,2008,53
1386,MCD,2009,53
1387,MCD,2012,53
1388,MCD,2013,53
1389,MCD,2014,53
1390,MCD,2015,53
1391,MCD,2018,53
1392,MCD,2019,53
1393,MCD,2020,53
1394,ADP,2007,53
1395,ADP,2008,53
1396,ADP,2009,53
1397,ADP,2012,53
1398,ADP,2013,53
1399,ADP,2014,53
1400,ADP,2015,53
1401,ADP,2018,53
1402,ADP,2019,53
1403,ADP,2020,53
1404,MMC,2007,53
1405,MMC,2008,53
1406,MMC,2009,53
1407,MMC,2012,53
1408,MMC,2013,53
1409,MMC,2014,53
1410,MMC,2015,53
1411,MMC,2018,53
1412,MMC,2019,53
1413,MMC,2020,53
1414,,2005,0
1415,,2006,0
1416,,2007,0
1417,,2008,0
1418,,2009,0
1419,,2010,0
1420,,2011,0
1421,,2012,0
1422,,2013,0
1423,,2014,0
1424,,2015,0
1425,,2016,0
1426,,2017,0
1427,,2018,0
1428,,2019,0
1429,,2020,0
1430,,2021,0
1431,,2022,0
1432,,2023,0
1433,EPHC,2005,13
1434,EPHC,2007,53
1435,EPHC,2008,53
1436,EPHC,2009,53
1437,EPHC,2012,53
1438,EPHC,2013,13
1439,EPHC,2014,0
1440,EPHC,2015,0
1441,EPHC,2016,0
1442,EPHC,2017,0
1443,EPHC,2018,0
1444,EPHC,2019,0
1445,EPHC,2020,0
1446,EPHC,2021,0
1447,EPHC,2022,0
1448,EPHC,2023,0
1449,KLAC,2007,53
1450,KLAC,2008,53
1451,KLAC,2009,53
1452,KLAC,2012,53
1453,KLAC,2013,53
1454,KLAC,2014,53
1455,KLAC,2015,53
1456,KLAC,2018,53
1457,KLAC,2019,54
1458,KLAC,2020,53
1459,JPM,2007,53
1460,JPM,2008,53
1461,JPM,2009,53
1462,JPM,2012,53
1463,JPM,2013,53
1464,JPM,2014,53
1465,JPM,2015,53
1466,JPM,2018,53
1467,JPM,2019,53
1468,JPM,2020,53
1469,LZB,2007,53
1470,LZB,2008,53
1471,LZB,2009,53
1472,LZB,2012,53
1473,LZB,2013,53
1474,LZB,2014,53
1475,LZB,2015,53
1476,LZB,2018,53
1477,LZB,2019,53
1478,LZB,2020,53
1479,LRCX,2007,53
1480,LRCX,2008,53
1481,LRCX,2009,53
1482,LRCX,2012,53
1483,LRCX,2013,53
1484,LRCX,2014,53
1485,LRCX,2015,53
1486,LRCX,2018,53
1487,LRCX,2019,53
1488,LRCX,2020,53
1489,MCO,2007,53
1490,MCO,2008,53
1491,MCO,2009,53
1492,MCO,2012,53
1493,MCO,2013,53
1494,MCO,2014,53
1495,MCO,2015,53
1496,MCO,2018,53
1497,MCO,2019,53
1498,MCO,2020,53
1499,HUM,2007,53
1500,HUM,2008,53
1501,HUM,2009,53
1502,HUM,2012,53
1503,HUM,2013,53
1504,HUM,2014,53
1505,HUM,2015,53
1506,HUM,2018,53
1507,HUM,2019,53
1508,HUM,2020,53
1509,UNP,2007,53
1510,UNP,2008,53
1511,UNP,2009,53
1512,UNP,2012,53
1513,UNP,2013,53
1514,UNP,2014,53
1515,UNP,2015,53
1516,UNP,2018,53
1517,UNP,2019,53
1518,UNP,2020,53
1519,TGT,2007,53
1520,TGT,2008,53
1521,TGT,2009,53
1522,TGT,2012,53
1523,TGT,2013,53
1524,TGT,2014,53
1525,TGT,2015,53
1526,TGT,2018,53
1527,TGT,2019,53
1528,TGT,2020,53
1529,DHR,2007,53
1530,DHR,2008,53
1531,DHR,2009,53
1532,DHR,2012,53
1533,DHR,2013,53
1534,DHR,2014,53
1535,DHR,2015,53
1536,DHR,2018,53
1537,DHR,2019,53
1538,DHR,2020,53
1539,LLY,2007,53
1540,LLY,2008,53
1541,LLY,2009,53
1542,LLY,2012,53
1543,LLY,2013,53
1544,LLY,2014,53
1545,LLY,2015,53
1546,LLY,2018,53
1547,LLY,2019,53
1548,LLY,2020,53
1549,SMTC,2007,53
1550,SMTC,2008,53
1551,SMTC,2009,53
1552,SMTC,2012,53
1553,SMTC,2013,53
1554,SMTC,2014,53
1555,SMTC,2015,53
1556,SMTC,2018,53
1557,SMTC,2019,53
1558,SMTC,2020,53
1559,SNE,2007,53
1560,SNE,2008,53
1561,SNE,2009,53
1562,SNE,2012,53
1563,SNE,2013,53
1564,SNE,2014,53
1565,SNE,2015,53
1566,SNE,2018,53
1567,SNE,2019,53
1568,SNE,2020,53
1569,SNE,2021,13
1570,SNE,2022,0
1571,SNE,2023,0
1572,SONY,2005,0
1573,SONY,2006,0
1574,SONY,2007,0
1575,SONY,2008,0
1576,SONY,2009,0
1577,SONY,2010,0
1578,SONY,2011,0
1579,SONY,2012,0
1580,SONY,2013,0
1581,SONY,2014,0
1582,SONY,2015,0
1583,SONY,2016,0
1584,SONY,2017,0
1585,SONY,2018,0
1586,SONY,2019,0
1587,SONY,2020,0
1588,SONY,2021,40
1589,SYY,2007,53
1590,SYY,2008,53
1591,SYY,2009,53
1592,SYY,2012,53
1593,SYY,2013,53
1594,SYY,2014,53
1595,SYY,2015,53
1596,SYY,2018,53
1597,SYY,2019,53
1598,SYY,2020,53
1599,EFX,2007,53
1600,EFX,2008,53
1601,EFX,2009,53
1602,EFX,2012,53
1603,EFX,2013,53
1604,EFX,2014,53
1605,EFX,2015,53
1606,EFX,2018,53
1607,EFX,2019,53
1608,EFX,2020,53
1609,LEN,2007,53
1610,LEN,2008,53
1611,LEN,2009,53
1612,LEN,2012,53
1613,LEN,2013,53
1614,LEN,2014,53
1615,LEN,2015,53
1616,LEN,2018,53
1617,LEN,2019,53
1618,LEN,2020,53
1619,MU,2007,53
1620,MU,2008,53
1621,MU,2009,53
1622,MU,2012,53
1623,MU,2013,53
1624,MU,2014,53
1625,MU,2015,53
1626,MU,2018,53
1627,MU,2019,53
1628,MU,2020,53
1629,WMT,2007,53
1630,WMT,2008,53
1631,WMT,2009,53
1632,WMT,2012,53
1633,WMT,2013,53
1634,WMT,2014,53
1635,WMT,2015,53
1636,WMT,2018,54
1637,WMT,2019,53
1638,WMT,2020,53
1639,NSSC,2007,53
1640,NSSC,2008,53
1641,NSSC,2009,54
1642,NSSC,2012,53
1643,NSSC,2013,53
1644,NSSC,2014,53
1645,NSSC,2015,53
1646,NSSC,2018,53
1647,NSSC,2019,53
1648,NSSC,2020,53
1649,ITW,2007,53
1650,ITW,2008,53
1651,ITW,2009,53
1652,ITW,2012,53
1653,ITW,2013,53
1654,ITW,2014,53
1655,ITW,2015,53
1656,ITW,2018,53
1657,ITW,2019,53
1658,ITW,2020,53
1659,NKE,2007,53
1660,NKE,2008,53
1661,NKE,2009,53
1662,NKE,2012,53
1663,NKE,2013,53
1664,NKE,2014,53
1665,NKE,2015,53
1666,NKE,2018,53
1667,NKE,2019,53
1668,NKE,2020,53
1669,AFL,2007,53
1670,AFL,2008,53
1671,AFL,2009,53
1672,AFL,2012,53
1673,AFL,2013,53
1674,AFL,2014,53
1675,AFL,2015,53
1676,AFL,2018,53
1677,AFL,2019,53
1678,AFL,2020,53
1679,NWN,2007,53
1680,NWN,2008,53
1681,NWN,2009,53
1682,NWN,2012,53
1683,NWN,2013,53
1684,NWN,2014,53
1685,NWN,2015,53
1686,NWN,2018,53
1687,NWN,2019,53
1688,NWN,2020,53
1689,AXP,2007,53
1690,AXP,2008,53
1691,AXP,2009,53
1692,AXP,2012,53
1693,AXP,2013,53
1694,AXP,2014,53
1695,AXP,2015,53
1696,AXP,2018,53
1697,AXP,2019,53
1698,AXP,2020,53
1699,BUD,2007,53
1700,BUD,2008,47
1701,BUD,2009,16
1702,BUD,2012,53
1703,BUD,2013,53
1704,BUD,2014,53
1705,BUD,2015,53
1706,BUD,2018,53
1707,BUD,2019,53
1708,BUD,2020,53
1709,INTC,2007,53
1710,INTC,2008,53
1711,INTC,2009,53
1712,INTC,2012,53
1713,INTC,2013,53
1714,INTC,2014,53
1715,INTC,2015,53
1716,INTC,2018,53
1717,INTC,2019,53
1718,INTC,2020,53
1719,BAC,2007,53
1720,BAC,2008,53
1721,BAC,2009,53
1722,BAC,2012,53
1723,BAC,2013,53
1724,BAC,2014,53
1725,BAC,2015,53
1726,BAC,2018,53
1727,BAC,2019,53
1728,BAC,2020,53
1729,STA,2007,9
1730,STA,2008,0
1731,STA,2009,0
1732,STA,2010,0
1733,STA,2011,0
1734,STA,2012,0
1735,STA,2013,0
1736,STA,2014,0
1737,STA,2015,0
1738,STA,2016,0
1739,STA,2017,0
1740,STA,2018,0
1741,STA,2019,0
1742,STA,2020,0
1743,STA,2021,0
1744,STA,2022,0
1745,STA,2023,0
1746,TRV,2005,0
1747,TRV,2006,0
1748,TRV,2007,45
1749,TRV,2008,53
1750,TRV,2009,53
1751,TRV,2012,53
1752,TRV,2013,53
1753,TRV,2014,53
1754,TRV,2015,53
1755,TRV,2018,53
1756,TRV,2019,53
1757,TRV,2020,53
1758,HMC,2007,53
1759,HMC,2008,53
1760,HMC,2009,53
1761,HMC,2012,53
1762,HMC,2013,53
1763,HMC,2014,53
1764,HMC,2015,53
1765,HMC,2018,53
1766,HMC,2019,53
1767,HMC,2020,53
1768,MDT,2007,53
1769,MDT,2008,53
1770,MDT,2009,53
1771,MDT,2012,53
1772,MDT,2013,53
1773,MDT,2014,53
1774,MDT,2015,54
1775,MDT,2018,53
1776,MDT,2019,53
1777,MDT,2020,53
1778,PNC,2007,53
1779,PNC,2008,53
1780,PNC,2009,53
1781,PNC,2012,53
1782,PNC,2013,53
1783,PNC,2014,53
1784,PNC,2015,53
1785,PNC,2018,53
1786,PNC,2019,53
1787,PNC,2020,53
1788,FDX,2007,53
1789,FDX,2008,53
1790,FDX,2009,53
1791,FDX,2012,53
1792,FDX,2013,53
1793,FDX,2014,53
1794,FDX,2015,53
1795,FDX,2018,53
1796,FDX,2019,53
1797,FDX,2020,53
1798,ADI,2007,53
1799,ADI,2008,53
1800,ADI,2009,53
1801,ADI,2012,53
1802,ADI,2013,53
1803,ADI,2014,53
1804,ADI,2015,53
1805,ADI,2018,53
1806,ADI,2019,53
1807,ADI,2020,53
1808,BZC,2005,0
1809,BZC,2006,21
1810,BZC,2007,53
1811,BZC,2008,53
1812,BZC,2009,53
1813,BZC,2012,53
1814,BZC,2013,53
1815,BZC,2014,53
1816,BZC,2015,53
1817,BZC,2016,1
1818,BZC,2017,0
1819,BZC,2018,0
1820,BZC,2019,0
1821,BZC,2020,0
1822,BZC,2021,0
1823,BZC,2022,0
1824,BZC,2023,0
1825,AMD,2007,53
1826,AMD,2008,53
1827,AMD,2009,53
1828,AMD,2012,53
1829,AMD,2013,53
1830,AMD,2014,53
1831,AMD,2015,53
1832,AMD,2018,53
1833,AMD,2019,53
1834,AMD,2020,53
1835,LOW,2007,53
1836,LOW,2008,53
1837,LOW,2009,53
1838,LOW,2012,53
1839,LOW,2013,53
1840,LOW,2014,53
1841,LOW,2015,53
1842,LOW,2018,53
1843,LOW,2019,53
1844,LOW,2020,53
1845,PAYX,2007,53
1846,PAYX,2008,53
1847,PAYX,2009,53
1848,PAYX,2012,53
1849,PAYX,2013,53
1850,PAYX,2014,53
1851,PAYX,2015,53
1852,PAYX,2018,53
1853,PAYX,2019,53
1854,PAYX,2020,53
1855,AOC,2007,53
1856,AOC,2008,53
1857,AOC,2009,49
1858,AOC,2010,0
1859,AOC,2011,0
1860,AOC,2012,0
1861,AOC,2013,0
1862,AOC,2014,0
1863,AOC,2015,0
1864,AOC,2016,0
1865,AOC,2017,0
1866,AOC,2018,0
1867,AOC,2019,0
1868,AOC,2020,0
1869,AOC,2021,0
1870,AOC,2022,0
1871,AOC,2023,0
1872,AON,2005,0
1873,AON,2006,0
1874,AON,2007,0
1875,AON,2008,0
1876,AON,2009,5
1877,AON,2012,53
1878,AON,2013,53
1879,AON,2014,53
1880,AON,2015,53
1881,AON,2018,53
1882,AON,2019,53
1883,AON,2020,54
1884,TMO,2006,53
1885,TMO,2007,53
1886,TMO,2008,53
1887,TMO,2009,53
1888,TMO,2012,53
1889,TMO,2013,53
1890,TMO,2014,53
1891,TMO,2015,53
1892,TMO,2018,53
1893,TMO,2019,53
1894,TMO,2020,53
1895,CSX,2007,53
1896,CSX,2008,53
1897,CSX,2009,53
1898,CSX,2012,53
1899,CSX,2013,53
1900,CSX,2014,53
1901,CSX,2015,53
1902,CSX,2018,53
1903,CSX,2019,53
1904,CSX,2020,53
1905,GTY,2007,53
1906,GTY,2008,53
1907,GTY,2009,53
1908,GTY,2012,53
1909,GTY,2013,53
1910,GTY,2014,53
1911,GTY,2015,53
1912,GTY,2018,53
1913,GTY,2019,53
1914,GTY,2020,53
1915,ESV,2007,53
1916,ESV,2008,53
1917,ESV,2010,0
1918,ESV,2011,0
1919,ESV,2012,0
1920,ESV,2013,0
1921,ESV,2014,0
1922,ESV,2015,0
1923,ESV,2016,0
1924,ESV,2017,0
1925,ESV,2018,0
1926,ESV,2019,0
1927,ESV,2020,0
1928,ESV,2021,0
1929,ESV,2022,0
1930,ESV,2023,0
1931,NVO,2007,53
1932,NVO,2008,53
1933,NVO,2009,53
1934,NVO,2012,53
1935,NVO,2013,53
1936,NVO,2014,53
1937,NVO,2015,53
1938,NVO,2018,53
1939,NVO,2019,53
1940,NVO,2020,53
1941,BRO,2007,53
1942,BRO,2008,53
1943,BRO,2009,53
1944,BRO,2012,53
1945,BRO,2013,53
1946,BRO,2014,53
1947,BRO,2015,53
1948,BRO,2018,53
1949,BRO,2019,53
1950,BRO,2020,53
1951,TDS,2007,53
1952,TDS,2008,53
1953,TDS,2009,53
1954,TDS,2012,53
1955,TDS,2013,53
1956,TDS,2014,53
1957,TDS,2015,53
1958,TDS,2018,53
1959,TDS,2019,53
1960,TDS,2020,53
1961,CI,2007,53
1962,CI,2008,53
1963,CI,2009,53
1964,CI,2011,53
1965,CI,2012,53
1966,CI,2013,53
1967,CI,2014,53
1968,CI,2015,53
1969,CI,2018,54
1970,CI,2019,53
1971,CI,2020,53
1972,CI,2023,53
1973,PGR,2007,53
1974,PGR,2008,53
1975,PGR,2009,53
1976,PGR,2012,53
1977,PGR,2013,53
1978,PGR,2014,53
1979,PGR,2015,53
1980,PGR,2018,53
1981,PGR,2019,53
1982,PGR,2020,53
1983,PSA,2007,53
1984,PSA,2008,53
1985,PSA,2009,53
1986,PSA,2012,53
1987,PSA,2013,53
1988,PSA,2014,53
1989,PSA,2015,53
1990,PSA,2018,53
1991,PSA,2019,53
1992,PSA,2020,53
1993,STZ,2007,53
1994,STZ,2008,53
1995,STZ,2009,53
1996,STZ,2012,53
1997,STZ,2013,53
1998,STZ,2014,53
1999,STZ,2015,53
2000,STZ,2018,53
2001,STZ,2019,53
2002,STZ,2020,53
2003,D,2007,53
2004,D,2008,53
2005,D,2009,53
2006,D,2012,53
2007,D,2013,53
2008,D,2014,53
2009,D,2015,53
2010,D,2017,53
2011,D,2018,53
2012,D,2019,53
2013,D,2020,53
2014,VZ,2007,53
2015,VZ,2008,53
2016,VZ,2009,53
2017,VZ,2012,53
2018,VZ,2013,53
2019,VZ,2014,53
2020,VZ,2015,53
2021,VZ,2018,53
2022,VZ,2019,53
2023,VZ,2020,53
2024,SBC,2005,48
2025,SBC,2006,0
2026,SBC,2007,0
2027,SBC,2008,0
2028,SBC,2009,0
2029,SBC,2010,0
2030,SBC,2011,0
2031,SBC,2012,0
2032,SBC,2013,0
2033,SBC,2014,0
2034,SBC,2015,0
2035,SBC,2016,0
2036,SBC,2017,0
2037,SBC,2018,0
2038,SBC,2019,0
2039,SBC,2020,0
2040,SBC,2021,0
2041,SBC,2022,0
2042,SBC,2023,0
2043,USB,2007,53
2044,USB,2008,53
2045,USB,2009,53
2046,USB,2012,53
2047,USB,2013,53
2048,USB,2014,53
2049,USB,2015,53
2050,USB,2018,53
2051,USB,2019,53
2052,USB,2020,53
2053,HD,2007,53
2054,HD,2008,53
2055,HD,2009,53
2056,HD,2012,53
2057,HD,2013,53
2058,HD,2014,53
2059,HD,2015,53
2060,HD,2018,53
2061,HD,2019,53
2062,HD,2020,53
2063,AIG,2007,53
2064,AIG,2008,53
2065,AIG,2009,53
2066,AIG,2012,53
2067,AIG,2013,53
2068,AIG,2014,53
2069,AIG,2015,53
2070,AIG,2018,53
2071,AIG,2019,53
2072,AIG,2020,53
2073,ITI,2007,53
2074,ITI,2008,53
2075,ITI,2009,53
2076,ITI,2012,53
2077,ITI,2013,53
2078,ITI,2014,53
2079,ITI,2015,53
2080,ITI,2018,53
2081,ITI,2019,53
2082,ITI,2020,53
2083,TRP,2007,53
2084,TRP,2008,53
2085,TRP,2009,53
2086,TRP,2012,53
2087,TRP,2013,53
2088,TRP,2014,53
2089,TRP,2015,53
2090,TRP,2018,53
2091,TRP,2019,54
2092,TRP,2020,53
2093,MWD,2006,2
2094,MWD,2007,0
2095,MWD,2008,0
2096,MWD,2009,0
2097,MWD,2010,0
2098,MWD,2011,0
2099,MWD,2012,0
2100,MWD,2013,0
2101,MWD,2014,0
2102,MWD,2015,0
2103,MWD,2016,0
2104,MWD,2017,0
2105,MWD,2018,0
2106,MWD,2019,0
2107,MWD,2020,0
2108,MWD,2021,0
2109,MWD,2022,0
2110,MWD,2023,0
2111,MS,2005,50
2112,MS,2006,50
2113,MS,2007,53
2114,MS,2008,53
2115,MS,2009,53
2116,MS,2012,53
2117,MS,2013,53
2118,MS,2014,53
2119,MS,2015,53
2120,MS,2018,53
2121,MS,2019,53
2122,MS,2020,53
2123,C,2007,53
2124,C,2008,53
2125,C,2009,53
2126,C,2012,53
2127,C,2013,53
2128,C,2014,53
2129,C,2015,53
2130,C,2018,53
2131,C,2019,53
2132,C,2020,53
2133,ECL,2007,53
2134,ECL,2008,53
2135,ECL,2009,53
2136,ECL,2012,53
2137,ECL,2013,53
2138,ECL,2014,53
2139,ECL,2015,53
2140,ECL,2018,53
2141,ECL,2019,53
2142,ECL,2020,53
2143,BBT,2007,53
2144,BBT,2008,53
2145,BBT,2009,53
2146,BBT,2012,53
2147,BBT,2013,53
2148,BBT,2014,53
2149,BBT,2015,53
2150,BBT,2018,53
2151,BBT,2019,49
2152,BBT,2020,0
2153,BBT,2021,0
2154,BBT,2022,0
2155,BBT,2023,0
2156,TFC,2007,53
2157,TFC,2008,53
2158,TFC,2009,53
2159,TFC,2011,40
2160,TFC,2012,0
2161,TFC,2013,0
2162,TFC,2014,0
2163,TFC,2015,0
2164,TFC,2016,0
2165,TFC,2017,0
2166,TFC,2018,0
2167,TFC,2019,4
2168,TFC,2020,53
2169,CHP,2007,53
2170,CHP,2008,53
2171,CHP,2009,53
2172,CHP,2010,40
2173,CHP,2011,0
2174,CHP,2012,0
2175,CHP,2013,0
2176,CHP,2014,0
2177,CHP,2015,0
2178,CHP,2016,0
2179,CHP,2017,0
2180,CHP,2018,0
2181,CHP,2019,0
2182,CHP,2020,0
2183,CHP,2021,0
2184,CHP,2022,0
2185,CHP,2023,0
2186,SYK,2007,53
2187,SYK,2008,53
2188,SYK,2009,53
2189,SYK,2012,53
2190,SYK,2013,53
2191,SYK,2014,53
2192,SYK,2015,53
2193,SYK,2018,53
2194,SYK,2019,53
2195,SYK,2020,53
2196,GSK,2007,53
2197,GSK,2008,53
2198,GSK,2009,53
2199,GSK,2012,53
2200,GSK,2013,53
2201,GSK,2014,53
2202,GSK,2015,53
2203,GSK,2018,53
2204,GSK,2019,53
2205,GSK,2020,53
2206,GSK,2022,53
2207,STD,2007,54
2208,STD,2008,53
2209,STD,2009,53
2210,STD,2012,24
2211,STD,2013,0
2212,STD,2014,0
2213,STD,2015,0
2214,STD,2016,0
2215,STD,2017,0
2216,STD,2018,0
2217,STD,2019,0
2218,STD,2020,0
2219,STD,2021,0
2220,STD,2022,0
2221,STD,2023,0
2222,SAN,2007,53
2223,SAN,2008,53
2224,SAN,2009,53
2225,SAN,2012,45
2226,SAN,2013,53
2227,SAN,2014,53
2228,SAN,2015,53
2229,SAN,2018,53
2230,SAN,2019,53
2231,SAN,2020,53
2232,SCH,2005,51
2233,SCH,2006,0
2234,SCH,2007,0
2235,SCH,2008,0
2236,SCH,2009,0
2237,SCH,2010,0
2238,SCH,2011,0
2239,SCH,2012,0
2240,SCH,2013,0
2241,SCH,2014,0
2242,SCH,2015,0
2243,SCH,2016,0
2244,SCH,2017,0
2245,SCH,2018,0
2246,SCH,2019,0
2247,SCH,2020,0
2248,SCH,2021,0
2249,SCH,2022,0
2250,SCH,2023,0
2251,SCHW,2005,2
2252,SCHW,2007,53
2253,SCHW,2008,53
2254,SCHW,2009,53
2255,SCHW,2012,53
2256,SCHW,2013,53
2257,SCHW,2014,53
2258,SCHW,2015,53
2259,SCHW,2018,53
2260,SCHW,2019,53
2261,SCHW,2020,53
2262,GFR,2007,40
2263,GFR,2008,0
2264,GFR,2009,0
2265,GFR,2010,0
2266,GFR,2011,0
2267,GFR,2012,0
2268,GFR,2013,0
2269,GFR,2014,0
2270,GFR,2015,0
2271,GFR,2016,0
2272,GFR,2017,0
2273,GFR,2018,0
2274,GFR,2019,0
2275,GFR,2020,0
2276,GFR,2021,0
2277,GFR,2022,0
2278,GFR,2023,0
2279,PXD,2007,53
2280,PXD,2008,53
2281,PXD,2009,53
2282,PXD,2012,53
2283,PXD,2013,53
2284,PXD,2014,53
2285,PXD,2015,53
2286,PXD,2018,53
2287,PXD,2019,53
2288,PXD,2020,53
2289,BBV,2007,53
2290,BBV,2008,53
2291,BBV,2009,50
2292,BBV,2010,0
2293,BBV,2011,0
2294,BBV,2012,0
2295,BBV,2013,0
2296,BBV,2014,0
2297,BBV,2015,0
2298,BBV,2016,0
2299,BBV,2017,0
2300,BBV,2018,0
2301,BBV,2019,0
2302,BBV,2020,0
2303,BBV,2021,0
2304,BBV,2022,0
2305,BBV,2023,0
2306,BBVA,2005,0
2307,BBVA,2006,0
2308,BBVA,2007,0
2309,BBVA,2008,0
2310,BBVA,2009,3
2311,BBVA,2012,53
2312,BBVA,2013,53
2313,BBVA,2014,53
2314,BBVA,2015,53
2315,BBVA,2018,53
2316,BBVA,2019,53
2317,BBVA,2020,53
2318,CM,2006,31
2319,CM,2007,53
2320,CM,2008,53
2321,CM,2009,53
2322,CM,2012,53
2323,CM,2013,53
2324,CM,2014,53
2325,CM,2015,53
2326,CM,2018,53
2327,CM,2019,53
2328,CM,2020,53
2329,RPT,2007,53
2330,RPT,2008,53
2331,RPT,2009,53
2332,RPT,2012,53
2333,RPT,2013,53
2334,RPT,2014,53
2335,RPT,2015,53
2336,RPT,2018,54
2337,RPT,2019,53
2338,RPT,2020,53
2339,ADBE,2007,53
2340,ADBE,2008,53
2341,ADBE,2009,53
2342,ADBE,2012,53
2343,ADBE,2013,53
2344,ADBE,2014,53
2345,ADBE,2015,53
2346,ADBE,2018,54
2347,ADBE,2019,53
2348,ADBE,2020,53
2349,MRTN,2007,53
2350,MRTN,2008,53
2351,MRTN,2009,53
2352,MRTN,2012,53
2353,MRTN,2013,53
2354,MRTN,2014,53
2355,MRTN,2015,53
2356,MRTN,2018,53
2357,MRTN,2019,53
2358,MRTN,2020,53
2359,EOG,2007,53
2360,EOG,2008,53
2361,EOG,2009,53
2362,EOG,2012,53
2363,EOG,2013,53
2364,EOG,2014,53
2365,EOG,2015,53
2366,EOG,2018,53
2367,EOG,2019,53
2368,EOG,2020,53
2369,ERTS,2007,53
2370,ERTS,2008,53
2371,ERTS,2009,53
2372,ERTS,2011,51
2373,ERTS,2012,0
2374,ERTS,2013,0
2375,ERTS,2014,0
2376,ERTS,2015,0
2377,ERTS,2016,0
2378,ERTS,2017,0
2379,ERTS,2018,0
2380,ERTS,2019,0
2381,ERTS,2020,0
2382,ERTS,2021,0
2383,ERTS,2022,0
2384,ERTS,2023,0
2385,EA,2005,0
2386,EA,2006,0
2387,EA,2007,0
2388,EA,2008,0
2389,EA,2009,0
2390,EA,2010,0
2391,EA,2011,2
2392,EA,2012,53
2393,EA,2013,53
2394,EA,2014,53
2395,EA,2015,53
2396,EA,2018,53
2397,EA,2019,53
2398,EA,2020,53
2399,GIII,2007,53
2400,GIII,2008,53
2401,GIII,2009,53
2402,GIII,2012,53
2403,GIII,2013,53
2404,GIII,2014,53
2405,GIII,2015,53
2406,GIII,2018,53
2407,GIII,2019,53
2408,GIII,2020,53
2409,CSCO,2007,53
2410,CSCO,2008,53
2411,CSCO,2009,53
2412,CSCO,2012,53
2413,CSCO,2013,53
2414,CSCO,2014,53
2415,CSCO,2015,53
2416,CSCO,2018,53
2417,CSCO,2019,53
2418,CSCO,2020,53
2419,RTP,2007,53
2420,RTP,2008,53
2421,RTP,2009,53
2422,RTP,2010,41
2423,RTP,2011,0
2424,RTP,2012,0
2425,RTP,2013,0
2426,RTP,2014,0
2427,RTP,2015,0
2428,RTP,2016,0
2429,RTP,2017,0
2430,RTP,2018,0
2431,RTP,2019,0
2432,RTP,2020,0
2433,RTP,2021,0
2434,RTP,2022,0
2435,RTP,2023,0
2436,RIO,2007,53
2437,RIO,2008,53
2438,RIO,2009,18
2439,RIO,2010,12
2440,RIO,2012,53
2441,RIO,2013,53
2442,RIO,2014,53
2443,RIO,2015,53
2444,RIO,2018,53
2445,RIO,2019,53
2446,RIO,2020,53
2447,BHE,2007,53
2448,BHE,2008,53
2449,BHE,2009,53
2450,BHE,2012,53
2451,BHE,2013,53
2452,BHE,2014,53
2453,BHE,2015,53
2454,BHE,2018,53
2455,BHE,2019,53
2456,BHE,2020,53
2457,DEO,2007,53
2458,DEO,2008,53
2459,DEO,2009,53
2460,DEO,2012,53
2461,DEO,2013,53
2462,DEO,2014,53
2463,DEO,2015,53
2464,DEO,2018,53
2465,DEO,2019,53
2466,DEO,2020,53
2467,AZO,2007,53
2468,AZO,2008,53
2469,AZO,2009,53
2470,AZO,2012,53
2471,AZO,2013,53
2472,AZO,2014,53
2473,AZO,2015,53
2474,AZO,2018,53
2475,AZO,2019,53
2476,AZO,2020,53
2477,REGN,2007,53
2478,REGN,2008,53
2479,REGN,2009,53
2480,REGN,2012,53
2481,REGN,2013,53
2482,REGN,2014,53
2483,REGN,2015,53
2484,REGN,2018,53
2485,REGN,2019,53
2486,REGN,2020,53
2487,TM,2007,53
2488,TM,2008,53
2489,TM,2009,53
2490,TM,2012,53
2491,TM,2013,53
2492,TM,2014,53
2493,TM,2015,53
2494,TM,2018,53
2495,TM,2019,53
2496,TM,2020,53
2497,IDXX,2007,53
2498,IDXX,2008,53
2499,IDXX,2009,53
2500,IDXX,2012,53
2501,IDXX,2013,53
2502,IDXX,2014,53
2503,IDXX,2015,53
2504,IDXX,2018,53
2505,IDXX,2019,53
2506,IDXX,2020,53
2507,VRTX,2007,53
2508,VRTX,2008,53
2509,VRTX,2009,53
2510,VRTX,2012,53
2511,VRTX,2013,53
2512,VRTX,2014,53
2513,VRTX,2015,53
2514,VRTX,2018,53
2515,VRTX,2019,53
2516,VRTX,2020,53
2517,BIIB,2007,53
2518,BIIB,2008,53
2519,BIIB,2009,53
2520,BIIB,2012,53
2521,BIIB,2013,53
2522,BIIB,2014,53
2523,BIIB,2015,54
2524,BIIB,2018,53
2525,BIIB,2019,53
2526,BIIB,2020,53
2527,ENB,2007,53
2528,ENB,2008,53
2529,ENB,2009,53
2530,ENB,2012,53
2531,ENB,2013,53
2532,ENB,2014,53
2533,ENB,2015,53
2534,ENB,2018,53
2535,ENB,2019,53
2536,ENB,2020,53
2537,ODFL,2007,53
2538,ODFL,2008,53
2539,ODFL,2009,53
2540,ODFL,2012,53
2541,ODFL,2013,53
2542,ODFL,2014,53
2543,ODFL,2015,53
2544,ODFL,2018,53
2545,ODFL,2019,53
2546,ODFL,2020,53
2547,QCOM,2007,53
2548,QCOM,2008,53
2549,QCOM,2009,53
2550,QCOM,2012,53
2551,QCOM,2013,53
2552,QCOM,2014,53
2553,QCOM,2015,53
2554,QCOM,2018,53
2555,QCOM,2019,53
2556,QCOM,2020,53
2557,GILD,2007,53
2558,GILD,2008,53
2559,GILD,2009,53
2560,GILD,2012,53
2561,GILD,2013,53
2562,GILD,2014,53
2563,GILD,2015,53
2564,GILD,2018,53
2565,GILD,2019,53
2566,GILD,2020,53
2567,ROP,2007,53
2568,ROP,2008,53
2569,ROP,2009,53
2570,ROP,2012,53
2571,ROP,2013,53
2572,ROP,2014,53
2573,ROP,2015,54
2574,ROP,2018,53
2575,ROP,2019,53
2576,ROP,2020,53
2577,SNPS,2007,53
2578,SNPS,2008,53
2579,SNPS,2009,53
2580,SNPS,2012,53
2581,SNPS,2013,53
2582,SNPS,2014,53
2583,SNPS,2015,53
2584,SNPS,2018,53
2585,SNPS,2019,53
2586,SNPS,2020,53
2587,NBTB,2007,53
2588,NBTB,2008,53
2589,NBTB,2009,53
2590,NBTB,2012,53
2591,NBTB,2013,53
2592,NBTB,2014,53
2593,NBTB,2015,53
2594,NBTB,2018,53
2595,NBTB,2019,53
2596,NBTB,2020,53
2597,JBX,2007,53
2598,JBX,2008,50
2599,JBX,2009,0
2600,JBX,2010,0
2601,JBX,2011,0
2602,JBX,2012,0
2603,JBX,2013,0
2604,JBX,2014,0
2605,JBX,2015,0
2606,JBX,2016,0
2607,JBX,2017,0
2608,JBX,2018,0
2609,JBX,2019,0
2610,JBX,2020,0
2611,JBX,2021,0
2612,JBX,2022,0
2613,JBX,2023,0
2614,JACK,2005,0
2615,JACK,2006,0
2616,JACK,2007,0
2617,JACK,2008,3
2618,JACK,2009,53
2619,JACK,2012,53
2620,JACK,2013,53
2621,JACK,2014,53
2622,JACK,2015,53
2623,JACK,2018,53
2624,JACK,2019,53
2625,JACK,2020,53
2626,AGCO,2005,0
2627,AGCO,2006,0
2628,AGCO,2007,0
2629,AGCO,2008,0
2630,AGCO,2009,35
2631,AGCO,2012,53
2632,AGCO,2013,53
2633,AGCO,2014,53
2634,AGCO,2015,53
2635,AGCO,2018,53
2636,AGCO,2019,53
2637,AGCO,2020,53
2638,BSX,2007,53
2639,BSX,2008,53
2640,BSX,2009,53
2641,BSX,2012,53
2642,BSX,2013,53
2643,BSX,2014,53
2644,BSX,2015,53
2645,BSX,2018,53
2646,BSX,2019,53
2647,BSX,2020,53
2648,FCF,2007,53
2649,FCF,2008,53
2650,FCF,2009,53
2651,FCF,2012,53
2652,FCF,2013,53
2653,FCF,2014,53
2654,FCF,2015,53
2655,FCF,2018,53
2656,FCF,2019,53
2657,FCF,2020,53
2658,DHI,2007,53
2659,DHI,2008,53
2660,DHI,2009,53
2661,DHI,2012,53
2662,DHI,2013,53
2663,DHI,2014,53
2664,DHI,2015,53
2665,DHI,2018,53
2666,DHI,2019,53
2667,DHI,2020,53
2668,SBUX,2007,53
2669,SBUX,2008,53
2670,SBUX,2009,53
2671,SBUX,2012,53
2672,SBUX,2013,53
2673,SBUX,2014,53
2674,SBUX,2015,53
2675,SBUX,2018,53
2676,SBUX,2019,53
2677,SBUX,2020,53
2678,LTC,2007,53
2679,LTC,2008,53
2680,LTC,2009,53
2681,LTC,2012,53
2682,LTC,2013,53
2683,LTC,2014,53
2684,LTC,2015,53
2685,LTC,2018,53
2686,LTC,2019,53
2687,LTC,2020,53
2688,LGND,2005,36
2689,LGND,2006,29
2690,LGND,2007,53
2691,LGND,2008,53
2692,LGND,2009,53
2693,LGND,2012,53
2694,LGND,2013,53
2695,LGND,2014,53
2696,LGND,2015,53
2697,LGND,2018,53
2698,LGND,2019,53
2699,LGND,2020,53
2700,TARO,2006,50
2701,TARO,2007,0
2702,TARO,2008,0
2703,TARO,2009,0
2704,TARO,2010,0
2705,TARO,2011,0
2706,TARO,2012,42
2707,TARO,2013,53
2708,TARO,2014,53
2709,TARO,2015,53
2710,TARO,2018,53
2711,TARO,2019,53
2712,TARO,2020,53
2713,SPNS,2007,53
2714,SPNS,2008,53
2715,SPNS,2009,53
2716,SPNS,2012,53
2717,SPNS,2013,53
2718,SPNS,2014,53
2719,SPNS,2015,53
2720,SPNS,2018,53
2721,SPNS,2019,53
2722,SPNS,2020,53
2723,INTU,2007,53
2724,INTU,2008,53
2725,INTU,2009,53
2726,INTU,2012,53
2727,INTU,2013,53
2728,INTU,2014,53
2729,INTU,2015,53
2730,INTU,2018,53
2731,INTU,2019,53
2732,INTU,2020,53
2733,JAH,2007,53
2734,JAH,2008,53
2735,JAH,2009,53
2736,JAH,2012,53
2737,JAH,2013,53
2738,JAH,2014,53
2739,JAH,2015,53
2740,JAH,2016,16
2741,JAH,2017,0
2742,JAH,2018,0
2743,JAH,2019,0
2744,JAH,2020,0
2745,JAH,2021,0
2746,JAH,2022,0
2747,JAH,2023,0
2748,MCHP,2007,53
2749,MCHP,2008,53
2750,MCHP,2009,53
2751,MCHP,2012,53
2752,MCHP,2013,53
2753,MCHP,2014,53
2754,MCHP,2015,53
2755,MCHP,2018,53
2756,MCHP,2019,53
2757,MCHP,2020,53
2758,SYI,2005,30
2759,SYI,2006,0
2760,SYI,2007,0
2761,SYI,2008,0
2762,SYI,2009,0
2763,SYI,2010,0
2764,SYI,2011,0
2765,SYI,2012,0
2766,SYI,2013,0
2767,SYI,2014,0
2768,SYI,2015,0
2769,SYI,2016,0
2770,SYI,2017,0
2771,SYI,2018,0
2772,SYI,2019,0
2773,SYI,2020,0
2774,SYI,2021,0
2775,SYI,2022,0
2776,SYI,2023,0
2777,SYBT,2005,23
2778,SYBT,2007,53
2779,SYBT,2008,53
2780,SYBT,2009,53
2781,SYBT,2012,53
2782,SYBT,2013,53
2783,SYBT,2014,54
2784,SYBT,2015,53
2785,SYBT,2018,53
2786,SYBT,2019,53
2787,SYBT,2020,53
2788,ORLY,2007,53
2789,ORLY,2008,53
2790,ORLY,2009,53
2791,ORLY,2010,53
2792,ORLY,2012,53
2793,ORLY,2013,53
2794,ORLY,2014,53
2795,ORLY,2015,53
2796,ORLY,2018,53
2797,ORLY,2019,53
2798,ORLY,2020,53
2799,ARGN,2007,53
2800,ARGN,2008,53
2801,ARGN,2009,53
2802,ARGN,2012,24
2803,ARGN,2013,0
2804,ARGN,2014,0
2805,ARGN,2015,0
2806,ARGN,2016,0
2807,ARGN,2017,0
2808,ARGN,2018,0
2809,ARGN,2019,0
2810,ARGN,2020,0
2811,ARGN,2021,0
2812,ARGN,2022,0
2813,ARGN,2023,0
2814,THRM,2005,0
2815,THRM,2006,8
2816,THRM,2007,53
2817,THRM,2008,53
2818,THRM,2009,2
2819,THRM,2010,0
2820,THRM,2011,0
2821,THRM,2012,31
2822,THRM,2013,53
2823,THRM,2014,53
2824,THRM,2015,53
2825,THRM,2018,53
2826,THRM,2019,53
2827,THRM,2020,53
2828,ALL,2007,53
2829,ALL,2008,53
2830,ALL,2009,53
2831,ALL,2012,53
2832,ALL,2013,53
2833,ALL,2014,53
2834,ALL,2015,53
2835,ALL,2018,53
2836,ALL,2019,53
2837,ALL,2020,53
2838,AZN,2007,53
2839,AZN,2008,53
2840,AZN,2009,53
2841,AZN,2012,53
2842,AZN,2013,53
2843,AZN,2014,53
2844,AZN,2015,53
2845,AZN,2018,53
2846,AZN,2019,53
2847,AZN,2020,53
2848,NXL,2007,17
2849,NXL,2008,0
2850,NXL,2009,0
2851,NXL,2010,0
2852,NXL,2011,0
2853,NXL,2012,0
2854,NXL,2013,0
2855,NXL,2014,0
2856,NXL,2015,0
2857,NXL,2016,0
2858,NXL,2017,0
2859,NXL,2018,0
2860,NXL,2019,0
2861,NXL,2020,0
2862,NXL,2021,0
2863,NXL,2022,0
2864,NXL,2023,0
2865,IT,2007,53
2866,IT,2008,53
2867,IT,2009,53
2868,IT,2012,53
2869,IT,2013,53
2870,IT,2014,53
2871,IT,2015,53
2872,IT,2018,53
2873,IT,2019,53
2874,IT,2020,53
2875,UFPT,2007,53
2876,UFPT,2008,53
2877,UFPT,2009,53
2878,UFPT,2012,53
2879,UFPT,2013,53
2880,UFPT,2014,53
2881,UFPT,2015,53
2882,UFPT,2018,53
2883,UFPT,2019,53
2884,UFPT,2020,53
2885,VRTS,2005,27
2886,VRTS,2006,0
2887,VRTS,2007,0
2888,VRTS,2008,0
2889,VRTS,2009,53
2890,VRTS,2012,53
2891,VRTS,2013,53
2892,VRTS,2014,53
2893,VRTS,2015,53
2894,VRTS,2018,53
2895,VRTS,2019,53
2896,VRTS,2020,53
2897,SU,2007,53
2898,SU,2008,53
2899,SU,2009,53
2900,SU,2012,53
2901,SU,2013,53
2902,SU,2014,53
2903,SU,2015,53
2904,SU,2018,53
2905,SU,2019,53
2906,SU,2020,53
2907,SPG,2007,53
2908,SPG,2008,53
2909,SPG,2009,53
2910,SPG,2012,53
2911,SPG,2013,53
2912,SPG,2014,53
2913,SPG,2015,53
2914,SPG,2018,53
2915,SPG,2019,53
2916,SPG,2020,53
2917,MLM,2007,53
2918,MLM,2008,53
2919,MLM,2009,53
2920,MLM,2012,53
2921,MLM,2013,53
2922,MLM,2014,53
2923,MLM,2015,53
2924,MLM,2018,53
2925,MLM,2019,53
2926,MLM,2020,53
2927,CPRT,2007,53
2928,CPRT,2008,53
2929,CPRT,2009,53
2930,CPRT,2012,53
2931,CPRT,2013,53
2932,CPRT,2014,53
2933,CPRT,2015,53
2934,CPRT,2018,53
2935,CPRT,2019,53
2936,CPRT,2020,53
2937,PLD,2007,53
2938,PLD,2008,53
2939,PLD,2009,53
2940,PLD,2011,53
2941,PLD,2012,53
2942,PLD,2013,53
2943,PLD,2014,53
2944,PLD,2015,53
2945,PLD,2018,53
2946,PLD,2019,53
2947,PLD,2020,53
2948,AIV,2007,53
2949,AIV,2008,53
2950,AIV,2009,53
2951,AIV,2012,53
2952,AIV,2013,53
2953,AIV,2014,53
2954,AIV,2015,53
2955,AIV,2018,53
2956,AIV,2019,53
2957,AIV,2020,53
2958,O,2007,53
2959,O,2008,53
2960,O,2009,53
2961,O,2012,53
2962,O,2013,53
2963,O,2014,53
2964,O,2015,53
2965,O,2018,53
2966,O,2019,53
2967,O,2020,53
2968,RUK,2007,53
2969,RUK,2008,53
2970,RUK,2009,53
2971,RUK,2012,53
2972,RUK,2013,53
2973,RUK,2014,53
2974,RUK,2015,28
2975,RUK,2016,0
2976,RUK,2017,0
2977,RUK,2018,0
2978,RUK,2019,0
2979,RUK,2020,0
2980,RUK,2021,0
2981,RUK,2022,0
2982,RUK,2023,0
2983,RELX,2005,0
2984,RELX,2006,0
2985,RELX,2007,0
2986,RELX,2008,0
2987,RELX,2009,0
2988,RELX,2010,0
2989,RELX,2011,0
2990,RELX,2012,0
2991,RELX,2013,0
2992,RELX,2014,0
2993,RELX,2015,27
2994,RELX,2018,53
2995,RELX,2019,53
2996,RELX,2020,53
2997,COF,2007,53
2998,COF,2008,53
2999,COF,2009,53
3000,COF,2012,53
3001,COF,2013,53
3002,COF,2014,53
3003,COF,2015,53
3004,COF,2018,53
3005,COF,2019,53
3006,COF,2020,53
3007,MCK,2007,53
3008,MCK,2008,53
3009,MCK,2009,53
3010,MCK,2012,53
3011,MCK,2013,53
3012,MCK,2014,53
3013,MCK,2015,53
3014,MCK,2018,53
3015,MCK,2019,53
3016,MCK,2020,53
3017,STM,2007,53
3018,STM,2008,53
3019,STM,2009,53
3020,STM,2012,53
3021,STM,2013,53
3022,STM,2014,53
3023,STM,2015,53
3024,STM,2018,53
3025,STM,2019,53
3026,STM,2020,53
3027,BMO,2007,53
3028,BMO,2008,53
3029,BMO,2009,53
3030,BMO,2012,53
3031,BMO,2013,53
3032,BMO,2014,53
3033,BMO,2015,53
3034,BMO,2018,53
3035,BMO,2019,53
3036,BMO,2020,53
3037,ASD,2007,48
3038,ASD,2008,0
3039,ASD,2009,0
3040,ASD,2010,0
3041,ASD,2011,0
3042,ASD,2012,0
3043,ASD,2013,0
3044,ASD,2014,0
3045,ASD,2015,0
3046,ASD,2016,0
3047,ASD,2017,0
3048,ASD,2018,0
3049,ASD,2019,0
3050,ASD,2020,0
3051,ASD,2021,0
3052,ASD,2022,0
3053,ASD,2023,0
3054,ASML,2007,53
3055,ASML,2008,53
3056,ASML,2009,53
3057,ASML,2012,53
3058,ASML,2013,53
3059,ASML,2014,53
3060,ASML,2015,53
3061,ASML,2018,53
3062,ASML,2019,53
3063,ASML,2020,53
3064,DLTR,2007,53
3065,DLTR,2008,53
3066,DLTR,2009,53
3067,DLTR,2012,53
3068,DLTR,2013,53
3069,DLTR,2014,53
3070,DLTR,2015,53
3071,DLTR,2018,53
3072,DLTR,2019,53
3073,DLTR,2020,53
3074,WMIH,2005,0
3075,WMIH,2006,0
3076,WMIH,2007,0
3077,WMIH,2008,0
3078,WMIH,2009,0
3079,WMIH,2010,0
3080,WMIH,2011,0
3081,WMIH,2012,0
3082,WMIH,2013,0
3083,WMIH,2014,0
3084,WMIH,2015,14
3085,WMIH,2018,41
3086,WMIH,2019,0
3087,WMIH,2020,0
3088,WMIH,2021,0
3089,WMIH,2022,0
3090,WMIH,2023,0
3091,COOP,2005,0
3092,COOP,2006,0
3093,COOP,2007,0
3094,COOP,2008,0
3095,COOP,2009,0
3096,COOP,2010,0
3097,COOP,2011,0
3098,COOP,2012,0
3099,COOP,2013,0
3100,COOP,2014,0
3101,COOP,2015,0
3102,COOP,2016,0
3103,COOP,2017,0
3104,COOP,2018,13
3105,COOP,2019,53
3106,COOP,2020,53
3107,FCX,2007,53
3108,FCX,2008,53
3109,FCX,2009,53
3110,FCX,2012,53
3111,FCX,2013,53
3112,FCX,2014,53
3113,FCX,2015,53
3114,FCX,2018,53
3115,FCX,2019,53
3116,FCX,2020,53
3117,WABC,2007,53
3118,WABC,2008,53
3119,WABC,2009,53
3120,WABC,2012,53
3121,WABC,2013,53
3122,WABC,2014,53
3123,WABC,2015,53
3124,WABC,2018,53
3125,WABC,2019,53
3126,WABC,2020,53
3127,KFRC,2007,53
3128,KFRC,2008,53
3129,KFRC,2009,53
3130,KFRC,2012,53
3131,KFRC,2013,53
3132,KFRC,2014,53
3133,KFRC,2015,53
3134,KFRC,2018,53
3135,KFRC,2019,53
3136,KFRC,2020,53
3137,ACGL,2007,53
3138,ACGL,2008,53
3139,ACGL,2009,53
3140,ACGL,2012,53
3141,ACGL,2013,53
3142,ACGL,2014,53
3143,ACGL,2015,53
3144,ACGL,2018,53
3145,ACGL,2019,53
3146,ACGL,2020,53
3147,BANR,2007,53
3148,BANR,2008,53
3149,BANR,2009,53
3150,BANR,2012,53
3151,BANR,2013,53
3152,BANR,2014,53
3153,BANR,2015,53
3154,BANR,2018,53
3155,BANR,2019,53
3156,BANR,2020,53
3157,MSS,2005,2
3158,MSS,2006,35
3159,MSS,2007,0
3160,MSS,2008,0
3161,MSS,2009,0
3162,MSS,2010,0
3163,MSS,2011,0
3164,MSS,2012,0
3165,MSS,2013,0
3166,MSS,2014,0
3167,MSS,2015,0
3168,MSS,2016,0
3169,MSS,2017,0
3170,MSS,2018,0
3171,MSS,2019,0
3172,MSS,2020,0
3173,MSS,2021,0
3174,MSS,2022,0
3175,MSS,2023,0
3176,MLSS,2005,0
3177,MLSS,2006,0
3178,MLSS,2007,0
3179,MLSS,2008,0
3180,MLSS,2009,0
3181,MLSS,2010,0
3182,MLSS,2011,0
3183,MLSS,2012,0
3184,MLSS,2013,0
3185,MLSS,2014,0
3186,MLSS,2015,31
3187,MLSS,2018,53
3188,MLSS,2019,53
3189,MLSS,2020,53
3190,E,2007,53
3191,E,2008,53
3192,E,2009,53
3193,E,2012,53
3194,E,2013,53
3195,E,2014,53
3196,E,2015,53
3197,E,2018,53
3198,E,2019,53
3199,E,2020,53
3200,EL,2007,53
3201,EL,2008,53
3202,EL,2009,53
3203,EL,2012,53
3204,EL,2013,53
3205,EL,2014,53
3206,EL,2015,53
3207,EL,2018,53
3208,EL,2019,53
3209,EL,2020,53
3210,RY,2007,53
3211,RY,2008,53
3212,RY,2009,53
3213,RY,2012,53
3214,RY,2013,53
3215,RY,2014,53
3216,RY,2015,53
3217,RY,2018,53
3218,RY,2019,53
3219,RY,2020,53
3220,PCU,2005,53
3221,PCU,2007,53
3222,PCU,2008,53
3223,PCU,2009,53
3224,PCU,2010,7
3225,PCU,2011,0
3226,PCU,2012,0
3227,PCU,2013,0
3228,PCU,2014,0
3229,PCU,2015,0
3230,PCU,2016,0
3231,PCU,2017,0
3232,PCU,2018,0
3233,PCU,2019,0
3234,PCU,2020,0
3235,PCU,2021,0
3236,PCU,2022,0
3237,PCU,2023,0
3238,SCCO,2005,0
3239,SCCO,2006,0
3240,SCCO,2007,0
3241,SCCO,2008,0
3242,SCCO,2009,0
3243,SCCO,2010,46
3244,SCCO,2012,53
3245,SCCO,2013,53
3246,SCCO,2014,53
3247,SCCO,2015,53
3248,SCCO,2018,53
3249,SCCO,2019,53
3250,SCCO,2020,53
3251,SPH,2007,53
3252,SPH,2008,53
3253,SPH,2009,53
3254,SPH,2012,53
3255,SPH,2013,53
3256,SPH,2014,53
3257,SPH,2015,53
3258,SPH,2018,53
3259,SPH,2019,53
3260,SPH,2020,53
3261,CMCO,2007,53
3262,CMCO,2008,53
3263,CMCO,2009,53
3264,CMCO,2012,53
3265,CMCO,2013,53
3266,CMCO,2014,53
3267,CMCO,2015,53
3268,CMCO,2018,53
3269,CMCO,2019,53
3270,CMCO,2020,53
3271,CSGS,2007,53
3272,CSGS,2008,53
3273,CSGS,2009,53
3274,CSGS,2012,53
3275,CSGS,2013,53
3276,CSGS,2014,53
3277,CSGS,2015,53
3278,CSGS,2018,53
3279,CSGS,2019,53
3280,CSGS,2020,53
3281,BB,2005,20
3282,BB,2006,0
3283,BB,2007,0
3284,BB,2008,0
3285,BB,2009,0
3286,BB,2010,0
3287,BB,2011,0
3288,BB,2012,0
3289,BB,2013,0
3290,BB,2014,0
3291,BB,2015,0
3292,BB,2016,0
3293,BB,2017,11
3294,BB,2018,53
3295,BB,2019,53
3296,BB,2020,53
3297,GERN,2007,53
3298,GERN,2008,53
3299,GERN,2009,53
3300,GERN,2012,53
3301,GERN,2013,53
3302,GERN,2014,53
3303,GERN,2015,53
3304,GERN,2018,53
3305,GERN,2019,53
3306,GERN,2020,53
3307,GES,2007,53
3308,GES,2008,53
3309,GES,2009,53
3310,GES,2012,53
3311,GES,2013,53
3312,GES,2014,53
3313,GES,2015,53
3314,GES,2018,53
3315,GES,2019,53
3316,GES,2020,53
3317,TD,2007,53
3318,TD,2008,53
3319,TD,2009,53
3320,TD,2012,53
3321,TD,2013,53
3322,TD,2014,53
3323,TD,2015,53
3324,TD,2018,53
3325,TD,2019,53
3326,TD,2020,53
3327,TGI,2007,53
3328,TGI,2008,53
3329,TGI,2009,53
3330,TGI,2012,53
3331,TGI,2013,53
3332,TGI,2014,53
3333,TGI,2015,53
3334,TGI,2018,53
3335,TGI,2019,53
3336,TGI,2020,53
3337,CNI,2007,53
3338,CNI,2008,53
3339,CNI,2009,53
3340,CNI,2012,53
3341,CNI,2013,53
3342,CNI,2014,53
3343,CNI,2015,53
3344,CNI,2018,53
3345,CNI,2019,53
3346,CNI,2020,53
3347,ROK,2007,53
3348,ROK,2008,53
3349,ROK,2009,53
3350,ROK,2012,53
3351,ROK,2013,53
3352,ROK,2014,53
3353,ROK,2015,53
3354,ROK,2018,53
3355,ROK,2019,53
3356,ROK,2020,53
3357,BSAC,2005,0
3358,BSAC,2006,0
3359,BSAC,2007,0
3360,BSAC,2008,0
3361,BSAC,2009,0
3362,BSAC,2010,0
3363,BSAC,2011,0
3364,BSAC,2012,39
3365,BSAC,2013,53
3366,BSAC,2014,53
3367,BSAC,2015,53
3368,BSAC,2018,53
3369,BSAC,2019,53
3370,BSAC,2020,53
3371,CMT,2007,53
3372,CMT,2008,53
3373,CMT,2009,53
3374,CMT,2012,53
3375,CMT,2013,53
3376,CMT,2014,53
3377,CMT,2015,53
3378,CMT,2018,53
3379,CMT,2019,53
3380,CMT,2020,53
3381,LNG,2007,53
3382,LNG,2008,53
3383,LNG,2009,53
3384,LNG,2012,53
3385,LNG,2013,53
3386,LNG,2014,53
3387,LNG,2015,53
3388,LNG,2018,53
3389,LNG,2019,53
3390,LNG,2020,53
3391,APH,2007,53
3392,APH,2008,53
3393,APH,2009,53
3394,APH,2012,53
3395,APH,2013,53
3396,APH,2014,53
3397,APH,2015,53
3398,APH,2018,53
3399,APH,2019,53
3400,APH,2020,53
3401,AMZN,2007,53
3402,AMZN,2008,53
3403,AMZN,2009,53
3404,AMZN,2012,53
3405,AMZN,2013,53
3406,AMZN,2014,53
3407,AMZN,2015,53
3408,AMZN,2018,53
3409,AMZN,2019,53
3410,AMZN,2020,53
3411,RYAAY,2007,53
3412,RYAAY,2008,53
3413,RYAAY,2009,53
3414,RYAAY,2012,53
3415,RYAAY,2013,53
3416,RYAAY,2014,53
3417,RYAAY,2015,53
3418,RYAAY,2018,53
3419,RYAAY,2019,53
3420,RYAAY,2020,53
3421,ING,2007,53
3422,ING,2008,53
3423,ING,2009,53
3424,ING,2012,53
3425,ING,2013,53
3426,ING,2014,53
3427,ING,2015,53
3428,ING,2018,53
3429,ING,2019,53
3430,ING,2020,53
3431,CDIS,2006,9
3432,CDIS,2007,0
3433,CDIS,2008,0
3434,CDIS,2009,0
3435,CDIS,2010,0
3436,CDIS,2011,0
3437,CDIS,2012,0
3438,CDIS,2013,0
3439,CDIS,2014,0
3440,CDIS,2015,0
3441,CDIS,2016,0
3442,CDIS,2017,0
3443,CDIS,2018,0
3444,CDIS,2019,0
3445,CDIS,2020,0
3446,CDIS,2021,0
3447,CDIS,2022,0
3448,CDIS,2023,0
3449,HELX,2005,0
3450,HELX,2006,20
3451,HELX,2007,0
3452,HELX,2008,0
3453,HELX,2009,0
3454,HELX,2010,0
3455,HELX,2011,0
3456,HELX,2012,0
3457,HELX,2013,0
3458,HELX,2014,0
3459,HELX,2015,0
3460,HELX,2016,0
3461,HELX,2017,0
3462,HELX,2018,0
3463,HELX,2019,0
3464,HELX,2020,0
3465,HELX,2021,0
3466,HELX,2022,0
3467,HELX,2023,0
3468,HLX,2005,0
3469,HLX,2006,24
3470,HLX,2007,53
3471,HLX,2008,53
3472,HLX,2009,53
3473,HLX,2012,53
3474,HLX,2013,53
3475,HLX,2014,53
3476,HLX,2015,53
3477,HLX,2018,53
3478,HLX,2019,53
3479,HLX,2020,53
3480,CXW,2007,53
3481,CXW,2008,53
3482,CXW,2009,53
3483,CXW,2012,53
3484,CXW,2013,53
3485,CXW,2014,53
3486,CXW,2015,53
3487,CXW,2016,53
3488,CXW,2018,53
3489,CXW,2019,53
3490,CXW,2020,53
3491,ABV,2007,53
3492,ABV,2008,53
3493,ABV,2009,53
3494,ABV,2012,53
3495,ABV,2013,45
3496,ABV,2014,0
3497,ABV,2015,0
3498,ABV,2016,0
3499,ABV,2017,0
3500,ABV,2018,0
3501,ABV,2019,0
3502,ABV,2020,0
3503,ABV,2021,0
3504,ABV,2022,0
3505,ABV,2023,0
3506,ABEV,2005,0
3507,ABEV,2006,0
3508,ABEV,2007,0
3509,ABEV,2008,0
3510,ABEV,2009,0
3511,ABEV,2010,0
3512,ABEV,2011,0
3513,ABEV,2012,0
3514,ABEV,2013,8
3515,ABEV,2014,53
3516,ABEV,2015,53
3517,ABEV,2018,53
3518,ABEV,2019,53
3519,ABEV,2020,53
3520,AME,2007,53
3521,AME,2008,53
3522,AME,2009,53
3523,AME,2012,53
3524,AME,2013,53
3525,AME,2014,53
3526,AME,2015,53
3527,AME,2018,53
3528,AME,2019,53
3529,AME,2020,53
3530,VLO,2007,53
3531,VLO,2008,53
3532,VLO,2009,53
3533,VLO,2012,53
3534,VLO,2013,53
3535,VLO,2014,53
3536,VLO,2015,53
3537,VLO,2018,53
3538,VLO,2019,53
3539,VLO,2020,53
3540,LKFN,2007,53
3541,LKFN,2008,53
3542,LKFN,2009,53
3543,LKFN,2012,53
3544,LKFN,2013,53
3545,LKFN,2014,53
3546,LKFN,2015,53
3547,LKFN,2018,53
3548,LKFN,2019,53
3549,LKFN,2020,53
3550,YUM,2007,53
3551,YUM,2008,53
3552,YUM,2009,53
3553,YUM,2012,53
3554,YUM,2013,53
3555,YUM,2014,53
3556,YUM,2015,53
3557,YUM,2018,53
3558,YUM,2019,53
3559,YUM,2020,53
3560,FTE,2007,53
3561,FTE,2008,53
3562,FTE,2009,53
3563,FTE,2012,53
3564,FTE,2013,26
3565,FTE,2014,0
3566,FTE,2015,0
3567,FTE,2016,0
3568,FTE,2017,0
3569,FTE,2018,0
3570,FTE,2019,0
3571,FTE,2020,0
3572,FTE,2021,0
3573,FTE,2022,0
3574,FTE,2023,0
3575,ORAN,2005,0
3576,ORAN,2006,0
3577,ORAN,2007,0
3578,ORAN,2008,0
3579,ORAN,2009,0
3580,ORAN,2010,0
3581,ORAN,2011,0
3582,ORAN,2012,0
3583,ORAN,2013,27
3584,ORAN,2014,53
3585,ORAN,2015,53
3586,ORAN,2018,53
3587,ORAN,2019,53
3588,ORAN,2020,53
3589,TSM,2007,53
3590,TSM,2008,53
3591,TSM,2009,53
3592,TSM,2012,53
3593,TSM,2013,53
3594,TSM,2014,53
3595,TSM,2015,53
3596,TSM,2018,53
3597,TSM,2019,53
3598,TSM,2020,53
3599,AMB,2007,53
3600,AMB,2008,53
3601,AMB,2009,53
3602,AMB,2011,22
3603,AMB,2012,0
3604,AMB,2013,0
3605,AMB,2014,0
3606,AMB,2015,0
3607,AMB,2016,0
3608,AMB,2017,0
3609,AMB,2018,0
3610,AMB,2019,0
3611,AMB,2020,0
3612,AMB,2021,0
3613,AMB,2022,0
3614,AMB,2023,0
3615,ADSK,2007,53
3616,ADSK,2008,53
3617,ADSK,2009,53
3618,ADSK,2012,53
3619,ADSK,2013,53
3620,ADSK,2014,53
3621,ADSK,2015,53
3622,ADSK,2018,53
3623,ADSK,2019,53
3624,ADSK,2020,53
3625,BCM,2006,27
3626,BCM,2007,0
3627,BCM,2008,0
3628,BCM,2009,0
3629,BCM,2010,0
3630,BCM,2011,0
3631,BCM,2012,0
3632,BCM,2013,0
3633,BCM,2014,0
3634,BCM,2015,0
3635,BCM,2016,0
3636,BCM,2017,0
3637,BCM,2018,0
3638,BCM,2019,0
3639,BCM,2020,0
3640,BCM,2021,0
3641,BCM,2022,0
3642,BCM,2023,0
3643,URI,2007,53
3644,URI,2008,53
3645,URI,2009,53
3646,URI,2012,53
3647,URI,2013,53
3648,URI,2014,53
3649,URI,2015,53
3650,URI,2018,53
3651,URI,2019,53
3652,URI,2020,53
3653,PWR,2007,53
3654,PWR,2008,53
3655,PWR,2009,53
3656,PWR,2012,53
3657,PWR,2013,53
3658,PWR,2014,53
3659,PWR,2015,53
3660,PWR,2018,53
3661,PWR,2019,53
3662,PWR,2020,53
3663,MAR,2007,53
3664,MAR,2008,53
3665,MAR,2009,53
3666,MAR,2012,53
3667,MAR,2013,53
3668,MAR,2014,53
3669,MAR,2015,53
3670,MAR,2018,53
3671,MAR,2019,53
3672,MAR,2020,53
3673,MFA,2007,53
3674,MFA,2008,53
3675,MFA,2009,53
3676,MFA,2012,53
3677,MFA,2013,53
3678,MFA,2014,53
3679,MFA,2015,53
3680,MFA,2018,53
3681,MFA,2019,53
3682,MFA,2020,53
3683,WCN,2007,53
3684,WCN,2008,53
3685,WCN,2009,53
3686,WCN,2012,53
3687,WCN,2013,53
3688,WCN,2014,53
3689,WCN,2015,53
3690,WCN,2016,53
3691,WCN,2018,53
3692,WCN,2019,53
3693,WCN,2020,53
3694,AMT,2007,53
3695,AMT,2008,53
3696,AMT,2009,53
3697,AMT,2012,53
3698,AMT,2013,53
3699,AMT,2014,53
3700,AMT,2015,53
3701,AMT,2018,53
3702,AMT,2019,53
3703,AMT,2020,53
3704,SRE,2007,53
3705,SRE,2008,53
3706,SRE,2009,53
3707,SRE,2012,53
3708,SRE,2013,53
3709,SRE,2014,53
3710,SRE,2015,53
3711,SRE,2018,53
3712,SRE,2019,53
3713,SRE,2020,53
3714,CTSH,2007,53
3715,CTSH,2008,53
3716,CTSH,2009,53
3717,CTSH,2012,53
3718,CTSH,2013,53
3719,CTSH,2014,53
3720,CTSH,2015,53
3721,CTSH,2018,53
3722,CTSH,2019,53
3723,CTSH,2020,53
3724,EPD,2007,53
3725,EPD,2008,53
3726,EPD,2009,53
3727,EPD,2012,53
3728,EPD,2013,53
3729,EPD,2014,53
3730,EPD,2015,53
3731,EPD,2018,53
3732,EPD,2019,53
3733,EPD,2020,53
3734,RSG,2007,53
3735,RSG,2008,53
3736,RSG,2009,53
3737,RSG,2012,53
3738,RSG,2013,53
3739,RSG,2014,53
3740,RSG,2015,53
3741,RSG,2018,53
3742,RSG,2019,53
3743,RSG,2020,53
3744,CSGP,2007,53
3745,CSGP,2008,53
3746,CSGP,2009,53
3747,CSGP,2012,53
3748,CSGP,2013,53
3749,CSGP,2014,53
3750,CSGP,2015,53
3751,CSGP,2018,53
3752,CSGP,2019,53
3753,CSGP,2020,53
3754,CCI,2007,53
3755,CCI,2008,53
3756,CCI,2009,53
3757,CCI,2012,53
3758,CCI,2013,53
3759,CCI,2014,54
3760,CCI,2015,53
3761,CCI,2018,53
3762,CCI,2019,53
3763,CCI,2020,53
3764,CCI,2022,53
3765,BUSE,2007,53
3766,BUSE,2008,53
3767,BUSE,2009,53
3768,BUSE,2012,53
3769,BUSE,2013,53
3770,BUSE,2014,53
3771,BUSE,2015,53
3772,BUSE,2018,53
3773,BUSE,2019,53
3774,BUSE,2020,53
3775,NVDA,2007,53
3776,NVDA,2008,53
3777,NVDA,2009,53
3778,NVDA,2012,53
3779,NVDA,2013,53
3780,NVDA,2014,53
3781,NVDA,2015,53
3782,NVDA,2018,53
3783,NVDA,2019,53
3784,NVDA,2020,53
3785,RIMM,2007,53
3786,RIMM,2008,53
3787,RIMM,2009,53
3788,RIMM,2012,53
3789,RIMM,2013,5
3790,RIMM,2014,0
3791,RIMM,2015,0
3792,RIMM,2016,0
3793,RIMM,2017,0
3794,RIMM,2018,0
3795,RIMM,2019,0
3796,RIMM,2020,0
3797,RIMM,2021,0
3798,RIMM,2022,0
3799,RIMM,2023,0
3800,BBRY,2005,0
3801,BBRY,2006,0
3802,BBRY,2007,0
3803,BBRY,2008,0
3804,BBRY,2009,0
3805,BBRY,2010,0
3806,BBRY,2011,0
3807,BBRY,2012,0
3808,BBRY,2013,49
3809,BBRY,2014,53
3810,BBRY,2015,53
3811,BBRY,2017,41
3812,BBRY,2018,0
3813,BBRY,2019,0
3814,BBRY,2020,0
3815,BBRY,2021,0
3816,BBRY,2022,0
3817,BBRY,2023,0
3818,INFY,2007,53
3819,INFY,2008,53
3820,INFY,2009,53
3821,INFY,2011,53
3822,INFY,2012,53
3823,INFY,2013,53
3824,INFY,2014,53
3825,INFY,2015,53
3826,INFY,2018,53
3827,INFY,2019,53
3828,INFY,2020,53
3829,PCLN,2007,53
3830,PCLN,2008,53
3831,PCLN,2009,53
3832,PCLN,2012,53
3833,PCLN,2013,53
3834,PCLN,2014,54
3835,PCLN,2015,53
3836,PCLN,2018,9
3837,PCLN,2019,0
3838,PCLN,2020,0
3839,PCLN,2021,0
3840,PCLN,2022,0
3841,PCLN,2023,0
3842,BKNG,2005,0
3843,BKNG,2006,0
3844,BKNG,2007,0
3845,BKNG,2008,0
3846,BKNG,2009,0
3847,BKNG,2010,0
3848,BKNG,2011,0
3849,BKNG,2012,0
3850,BKNG,2013,0
3851,BKNG,2014,0
3852,BKNG,2015,0
3853,BKNG,2016,0
3854,BKNG,2017,0
3855,BKNG,2018,45
3856,BKNG,2019,53
3857,BKNG,2020,53
3858,EXTR,2007,53
3859,EXTR,2008,53
3860,EXTR,2009,53
3861,EXTR,2012,53
3862,EXTR,2013,53
3863,EXTR,2014,53
3864,EXTR,2015,53
3865,EXTR,2018,53
3866,EXTR,2019,53
3867,EXTR,2020,53
3868,GS,2007,53
3869,GS,2008,53
3870,GS,2009,53
3871,GS,2012,53
3872,GS,2013,53
3873,GS,2014,53
3874,GS,2015,53
3875,GS,2018,53
3876,GS,2019,53
3877,GS,2020,53
3878,COST,2007,53
3879,COST,2008,53
3880,COST,2009,53
3881,COST,2012,53
3882,COST,2013,53
3883,COST,2014,53
3884,COST,2015,53
3885,COST,2018,53
3886,COST,2019,53
3887,COST,2020,53
3888,FNLC,2007,53
3889,FNLC,2008,54
3890,FNLC,2009,53
3891,FNLC,2012,53
3892,FNLC,2013,53
3893,FNLC,2014,53
3894,FNLC,2015,53
3895,FNLC,2018,53
3896,FNLC,2019,53
3897,FNLC,2020,53
3898,NTCT,2007,53
3899,NTCT,2008,53
3900,NTCT,2009,53
3901,NTCT,2012,53
3902,NTCT,2013,53
3903,NTCT,2014,53
3904,NTCT,2015,53
3905,NTCT,2018,53
3906,NTCT,2019,53
3907,NTCT,2020,53
3908,MFC,2007,53
3909,MFC,2008,53
3910,MFC,2009,53
3911,MFC,2012,53
3912,MFC,2013,53
3913,MFC,2014,53
3914,MFC,2015,53
3915,MFC,2018,53
3916,MFC,2019,53
3917,MFC,2020,53
3918,BLK,2007,53
3919,BLK,2008,53
3920,BLK,2009,53
3921,BLK,2012,53
3922,BLK,2013,53
3923,BLK,2014,53
3924,BLK,2015,53
3925,BLK,2018,53
3926,BLK,2019,53
3927,BLK,2020,53
3928,NGG,2007,53
3929,NGG,2008,53
3930,NGG,2009,53
3931,NGG,2012,53
3932,NGG,2013,53
3933,NGG,2014,53
3934,NGG,2015,53
3935,NGG,2018,53
3936,NGG,2019,53
3937,NGG,2020,53
3938,A,2007,53
3939,A,2008,53
3940,A,2009,53
3941,A,2012,53
3942,A,2013,53
3943,A,2014,53
3944,A,2015,53
3945,A,2018,53
3946,A,2019,53
3947,A,2020,53
3948,UPS,2007,53
3949,UPS,2008,53
3950,UPS,2009,53
3951,UPS,2012,53
3952,UPS,2013,53
3953,UPS,2014,53
3954,UPS,2015,53
3955,UPS,2018,53
3956,UPS,2019,53
3957,UPS,2020,53
3958,EW,2007,53
3959,EW,2008,53
3960,EW,2009,53
3961,EW,2012,53
3962,EW,2013,53
3963,EW,2014,53
3964,EW,2015,53
3965,EW,2018,53
3966,EW,2019,53
3967,EW,2020,53
3968,IBN,2007,53
3969,IBN,2008,53
3970,IBN,2009,53
3971,IBN,2012,53
3972,IBN,2013,53
3973,IBN,2014,53
3974,IBN,2015,53
3975,IBN,2018,53
3976,IBN,2019,53
3977,IBN,2020,53
3978,SLF,2007,53
3979,SLF,2008,53
3980,SLF,2009,53
3981,SLF,2012,53
3982,SLF,2013,53
3983,SLF,2014,53
3984,SLF,2015,53
3985,SLF,2018,53
3986,SLF,2019,53
3987,SLF,2020,53
3988,MET,2007,53
3989,MET,2008,53
3990,MET,2009,53
3991,MET,2012,53
3992,MET,2013,53
3993,MET,2014,53
3994,MET,2015,53
3995,MET,2018,53
3996,MET,2019,53
3997,MET,2020,53
3998,ONNN,2007,53
3999,ONNN,2008,53
4000,ONNN,2009,53
4001,ONNN,2012,53
4002,ONNN,2013,53
4003,ONNN,2014,53
4004,ONNN,2015,14
4005,ONNN,2016,0
4006,ONNN,2017,0
4007,ONNN,2018,0
4008,ONNN,2019,0
4009,ONNN,2020,0
4010,ONNN,2021,0
4011,ONNN,2022,0
4012,ONNN,2023,0
4013,ON,2005,0
4014,ON,2006,0
4015,ON,2007,0
4016,ON,2008,0
4017,ON,2009,0
4018,ON,2010,0
4019,ON,2011,0
4020,ON,2012,0
4021,ON,2013,0
4022,ON,2014,0
4023,ON,2015,39
4024,ON,2018,53
4025,ON,2019,53
4026,ON,2020,53
4027,ISRG,2007,53
4028,ISRG,2008,53
4029,ISRG,2009,53
4030,ISRG,2012,53
4031,ISRG,2013,53
4032,ISRG,2014,53
4033,ISRG,2015,53
4034,ISRG,2018,53
4035,ISRG,2019,53
4036,ISRG,2020,53
4037,MRVL,2007,53
4038,MRVL,2008,53
4039,MRVL,2009,53
4040,MRVL,2012,53
4041,MRVL,2013,53
4042,MRVL,2014,53
4043,MRVL,2015,53
4044,MRVL,2018,53
4045,MRVL,2019,53
4046,MRVL,2020,53
4047,MRVL,2021,53
4048,NTES,2007,53
4049,NTES,2008,53
4050,NTES,2009,53
4051,NTES,2012,54
4052,NTES,2013,53
4053,NTES,2014,53
4054,NTES,2015,53
4055,NTES,2018,53
4056,NTES,2019,53
4057,NTES,2020,53
4058,MEM,2007,53
4059,MEM,2008,7
4060,MEM,2009,0
4061,MEM,2010,0
4062,MEM,2011,0
4063,MEM,2012,0
4064,MEM,2013,0
4065,MEM,2014,0
4066,MEM,2015,0
4067,MEM,2016,0
4068,MEM,2017,0
4069,MEM,2018,0
4070,MEM,2019,0
4071,MEM,2020,0
4072,MEM,2021,0
4073,MEM,2022,0
4074,MEM,2023,0
4075,MERR,2005,0
4076,MERR,2006,0
4077,MERR,2007,0
4078,MERR,2008,48
4079,MERR,2009,53
4080,MERR,2011,47
4081,MERR,2012,0
4082,MERR,2013,0
4083,MERR,2014,0
4084,MERR,2015,0
4085,MERR,2016,0
4086,MERR,2017,0
4087,MERR,2018,0
4088,MERR,2019,0
4089,MERR,2020,0
4090,MERR,2021,0
4091,MERR,2022,0
4092,MERR,2023,0
4093,PBR,2007,53
4094,PBR,2008,53
4095,PBR,2009,53
4096,PBR,2012,53
4097,PBR,2013,53
4098,PBR,2014,53
4099,PBR,2015,53
4100,PBR,2018,53
4101,PBR,2019,53
4102,PBR,2020,53
4103,TTMI,2007,53
4104,TTMI,2008,53
4105,TTMI,2009,53
4106,TTMI,2012,53
4107,TTMI,2013,53
4108,TTMI,2014,53
4109,TTMI,2015,53
4110,TTMI,2018,53
4111,TTMI,2019,53
4112,TTMI,2020,53
4113,WIT,2007,53
4114,WIT,2008,53
4115,WIT,2009,53
4116,WIT,2012,53
4117,WIT,2013,53
4118,WIT,2014,53
4119,WIT,2015,53
4120,WIT,2018,53
4121,WIT,2019,53
4122,WIT,2020,53
4123,IDNX,2006,35
4124,IDNX,2007,0
4125,IDNX,2008,0
4126,IDNX,2009,0
4127,IDNX,2010,0
4128,IDNX,2011,0
4129,IDNX,2012,0
4130,IDNX,2013,0
4131,IDNX,2014,0
4132,IDNX,2015,0
4133,IDNX,2016,0
4134,IDNX,2017,0
4135,IDNX,2018,0
4136,IDNX,2019,0
4137,IDNX,2020,0
4138,IDNX,2021,0
4139,IDNX,2022,0
4140,IDNX,2023,0
4141,GPN,2007,53
4142,GPN,2008,53
4143,GPN,2009,53
4144,GPN,2012,53
4145,GPN,2013,53
4146,GPN,2014,53
4147,GPN,2015,53
4148,GPN,2018,53
4149,GPN,2019,53
4150,GPN,2020,53
4151,AMX,2007,53
4152,AMX,2008,53
4153,AMX,2009,53
4154,AMX,2012,53
4155,AMX,2013,53
4156,AMX,2014,53
4157,AMX,2015,53
4158,AMX,2018,53
4159,AMX,2019,53
4160,AMX,2020,53
4161,AMX,2023,53
4162,CEY,2006,5
4163,CEY,2007,0
4164,CEY,2008,0
4165,CEY,2009,0
4166,CEY,2010,0
4167,CEY,2011,0
4168,CEY,2012,0
4169,CEY,2013,0
4170,CEY,2014,0
4171,CEY,2015,0
4172,CEY,2016,0
4173,CEY,2017,0
4174,CEY,2018,0
4175,CEY,2019,0
4176,CEY,2020,0
4177,CEY,2021,0
4178,CEY,2022,0
4179,CEY,2023,0
4180,FIS,2005,0
4181,FIS,2006,48
4182,FIS,2007,53
4183,FIS,2008,53
4184,FIS,2009,53
4185,FIS,2012,53
4186,FIS,2013,53
4187,FIS,2014,53
4188,FIS,2015,53
4189,FIS,2018,53
4190,FIS,2019,53
4191,FIS,2020,53
4192,KFT,2007,53
4193,KFT,2008,53
4194,KFT,2009,53
4195,KFT,2012,40
4196,KFT,2013,0
4197,KFT,2014,0
4198,KFT,2015,0
4199,KFT,2016,0
4200,KFT,2017,0
4201,KFT,2018,0
4202,KFT,2019,0
4203,KFT,2020,0
4204,KFT,2021,0
4205,KFT,2022,0
4206,KFT,2023,0
4207,MDLZ,2005,0
4208,MDLZ,2006,0
4209,MDLZ,2007,0
4210,MDLZ,2008,0
4211,MDLZ,2009,0
4212,MDLZ,2010,0
4213,MDLZ,2011,0
4214,MDLZ,2012,14
4215,MDLZ,2013,53
4216,MDLZ,2014,53
4217,MDLZ,2015,53
4218,MDLZ,2018,53
4219,MDLZ,2019,53
4220,MDLZ,2020,53
4221,PDFS,2007,53
4222,PDFS,2008,53
4223,PDFS,2009,53
4224,PDFS,2012,53
4225,PDFS,2013,53
4226,PDFS,2014,53
4227,PDFS,2015,53
4228,PDFS,2018,53
4229,PDFS,2019,53
4230,PDFS,2020,53
4231,HDB,2007,53
4232,HDB,2008,53
4233,HDB,2009,53
4234,HDB,2012,53
4235,HDB,2013,53
4236,HDB,2014,53
4237,HDB,2015,53
4238,HDB,2018,53
4239,HDB,2019,53
4240,HDB,2020,53
4241,ACN,2007,53
4242,ACN,2008,53
4243,ACN,2009,54
4244,ACN,2012,53
4245,ACN,2013,53
4246,ACN,2014,53
4247,ACN,2015,53
4248,ACN,2018,53
4249,ACN,2019,53
4250,ACN,2020,53
4251,OMCL,2007,53
4252,OMCL,2008,53
4253,OMCL,2009,53
4254,OMCL,2012,53
4255,OMCL,2013,53
4256,OMCL,2014,53
4257,OMCL,2015,53
4258,OMCL,2018,53
4259,OMCL,2019,53
4260,OMCL,2020,53
4261,CP,2007,53
4262,CP,2008,53
4263,CP,2009,53
4264,CP,2012,53
4265,CP,2013,53
4266,CP,2014,53
4267,CP,2015,53
4268,CP,2018,53
4269,CP,2019,53
4270,CP,2020,53
4271,CP,2023,53
4272,LYG,2007,53
4273,LYG,2008,53
4274,LYG,2009,53
4275,LYG,2012,53
4276,LYG,2013,53
4277,LYG,2014,53
4278,LYG,2015,53
4279,LYG,2018,53
4280,LYG,2019,53
4281,LYG,2020,53
4282,PRU,2007,53
4283,PRU,2008,53
4284,PRU,2009,53
4285,PRU,2012,53
4286,PRU,2013,53
4287,PRU,2014,53
4288,PRU,2015,53
4289,PRU,2018,53
4290,PRU,2019,53
4291,PRU,2020,53
4292,CNC,2007,53
4293,CNC,2008,53
4294,CNC,2009,53
4295,CNC,2012,53
4296,CNC,2013,53
4297,CNC,2014,53
4298,CNC,2015,53
4299,CNC,2018,53
4300,CNC,2019,53
4301,CNC,2020,53
4302,VALE,2005,0
4303,VALE,2006,0
4304,VALE,2007,0
4305,VALE,2008,0
4306,VALE,2009,36
4307,VALE,2012,53
4308,VALE,2013,53
4309,VALE,2014,53
4310,VALE,2015,53
4311,VALE,2018,53
4312,VALE,2019,53
4313,VALE,2020,53
4314,SAP,2007,53
4315,SAP,2008,53
4316,SAP,2009,53
4317,SAP,2012,53
4318,SAP,2013,53
4319,SAP,2014,54
4320,SAP,2015,53
4321,SAP,2018,53
4322,SAP,2019,53
4323,SAP,2020,53
4324,NFLX,2007,53
4325,NFLX,2008,53
4326,NFLX,2009,53
4327,NFLX,2012,53
4328,NFLX,2013,53
4329,NFLX,2014,53
4330,NFLX,2015,53
4331,NFLX,2018,53
4332,NFLX,2019,53
4333,NFLX,2020,53
4334,BNS,2007,53
4335,BNS,2008,53
4336,BNS,2009,53
4337,BNS,2012,53
4338,BNS,2013,53
4339,BNS,2014,53
4340,BNS,2015,53
4341,BNS,2018,53
4342,BNS,2019,53
4343,BNS,2020,53
4344,SNY,2007,53
4345,SNY,2008,53
4346,SNY,2009,53
4347,SNY,2012,53
4348,SNY,2013,53
4349,SNY,2014,53
4350,SNY,2015,53
4351,SNY,2018,53
4352,SNY,2019,53
4353,SNY,2020,53
4354,CMCSA,2007,53
4355,CMCSA,2008,53
4356,CMCSA,2009,53
4357,CMCSA,2012,53
4358,CMCSA,2013,53
4359,CMCSA,2014,53
4360,CMCSA,2015,53
4361,CMCSA,2018,53
4362,CMCSA,2019,53
4363,CMCSA,2020,53
4364,PRAA,2007,53
4365,PRAA,2008,53
4366,PRAA,2009,53
4367,PRAA,2012,53
4368,PRAA,2013,53
4369,PRAA,2014,54
4370,PRAA,2015,53
4371,PRAA,2018,53
4372,PRAA,2019,53
4373,PRAA,2020,53
4374,EQIX,2007,53
4375,EQIX,2008,53
4376,EQIX,2009,53
4377,EQIX,2012,53
4378,EQIX,2013,53
4379,EQIX,2014,53
4380,EQIX,2015,53
4381,EQIX,2018,53
4382,EQIX,2019,53
4383,EQIX,2020,53
4384,CME,2007,54
4385,CME,2008,53
4386,CME,2009,53
4387,CME,2012,53
4388,CME,2013,53
4389,CME,2014,53
4390,CME,2015,53
4391,CME,2018,53
4392,CME,2019,53
4393,CME,2020,53
4394,HTLF,2007,53
4395,HTLF,2008,53
4396,HTLF,2009,53
4397,HTLF,2012,53
4398,HTLF,2013,53
4399,HTLF,2014,53
4400,HTLF,2015,53
4401,HTLF,2018,53
4402,HTLF,2019,53
4403,HTLF,2020,53
4404,DVAX,2007,53
4405,DVAX,2008,53
4406,DVAX,2009,53
4407,DVAX,2012,53
4408,DVAX,2013,53
4409,DVAX,2014,53
4410,DVAX,2015,53
4411,DVAX,2018,53
4412,DVAX,2019,53
4413,DVAX,2020,53
4414,CRM,2007,53
4415,CRM,2008,53
4416,CRM,2009,53
4417,CRM,2012,53
4418,CRM,2013,53
4419,CRM,2014,53
4420,CRM,2015,53
4421,CRM,2018,53
4422,CRM,2019,53
4423,CRM,2020,53
4424,EXR,2007,53
4425,EXR,2008,53
4426,EXR,2009,53
4427,EXR,2012,53
4428,EXR,2013,53
4429,EXR,2014,53
4430,EXR,2015,53
4431,EXR,2018,53
4432,EXR,2019,53
4433,EXR,2020,53
4434,GOOGL,2005,0
4435,GOOGL,2006,0
4436,GOOGL,2007,0
4437,GOOGL,2008,0
4438,GOOGL,2009,0
4439,GOOGL,2010,0
4440,GOOGL,2011,0
4441,GOOGL,2012,0
4442,GOOGL,2013,0
4443,GOOGL,2014,40
4444,GOOGL,2015,53
4445,GOOGL,2018,53
4446,GOOGL,2019,53
4447,GOOGL,2020,53
4448,DLR,2007,53
4449,DLR,2008,53
4450,DLR,2009,53
4451,DLR,2012,53
4452,DLR,2013,53
4453,DLR,2014,53
4454,DLR,2015,53
4455,DLR,2018,53
4456,DLR,2019,53
4457,DLR,2020,53
4458,MPWR,2007,53
4459,MPWR,2008,53
4460,MPWR,2009,53
4461,MPWR,2012,53
4462,MPWR,2013,53
4463,MPWR,2014,53
4464,MPWR,2015,53
4465,MPWR,2018,53
4466,MPWR,2019,53
4467,MPWR,2020,53
4468,LVS,2007,53
4469,LVS,2008,53
4470,LVS,2009,53
4471,LVS,2012,53
4472,LVS,2013,53
4473,LVS,2014,53
4474,LVS,2015,53
4475,LVS,2018,53
4476,LVS,2019,53
4477,LVS,2020,53
4478,NDAQ,2005,47
4479,NDAQ,2007,53
4480,NDAQ,2008,54
4481,NDAQ,2009,53
4482,NDAQ,2012,53
4483,NDAQ,2013,53
4484,NDAQ,2014,53
4485,NDAQ,2015,53
4486,NDAQ,2018,53
4487,NDAQ,2019,53
4488,NDAQ,2020,53
4489,MAIL,2005,0
4490,MAIL,2006,48
4491,MAIL,2007,53
4492,MAIL,2008,53
4493,MAIL,2009,53
4494,MAIL,2011,45
4495,MAIL,2012,0
4496,MAIL,2013,0
4497,MAIL,2014,0
4498,MAIL,2015,0
4499,MAIL,2016,0
4500,MAIL,2017,0
4501,MAIL,2018,0
4502,MAIL,2019,0
4503,MAIL,2020,0
4504,MAIL,2021,0
4505,MAIL,2022,0
4506,MAIL,2023,0
4507,PERI,2005,0
4508,PERI,2006,0
4509,PERI,2007,0
4510,PERI,2008,0
4511,PERI,2009,0
4512,PERI,2010,0
4513,PERI,2011,8
4514,PERI,2012,53
4515,PERI,2013,53
4516,PERI,2014,53
4517,PERI,2015,53
4518,PERI,2018,53
4519,PERI,2019,53
4520,PERI,2020,53
4521,GPRE,2005,0
4522,GPRE,2006,42
4523,GPRE,2007,53
4524,GPRE,2008,53
4525,GPRE,2009,53
4526,GPRE,2012,53
4527,GPRE,2013,53
4528,GPRE,2014,53
4529,GPRE,2015,53
4530,GPRE,2018,53
4531,GPRE,2019,53
4532,GPRE,2020,53
4533,ROST,2007,53
4534,ROST,2008,53
4535,ROST,2009,53
4536,ROST,2012,53
4537,ROST,2013,53
4538,ROST,2014,53
4539,ROST,2015,53
4540,ROST,2018,53
4541,ROST,2019,53
4542,ROST,2020,53
4543,MFG,2005,0
4544,MFG,2006,8
4545,MFG,2007,53
4546,MFG,2008,53
4547,MFG,2009,53
4548,MFG,2012,53
4549,MFG,2013,53
4550,MFG,2014,53
4551,MFG,2015,53
4552,MFG,2018,53
4553,MFG,2019,53
4554,MFG,2020,53
4555,CPRX,2005,0
4556,CPRX,2006,8
4557,CPRX,2007,53
4558,CPRX,2008,53
4559,CPRX,2009,53
4560,CPRX,2012,53
4561,CPRX,2013,53
4562,CPRX,2014,53
4563,CPRX,2015,54
4564,CPRX,2018,53
4565,CPRX,2019,53
4566,CPRX,2020,53
4567,SLTM,2005,0
4568,SLTM,2006,0
4569,SLTM,2007,0
4570,SLTM,2008,0
4571,SLTM,2009,51
4572,SLTM,2012,53
4573,SLTM,2013,53
4574,SLTM,2014,4
4575,SLTM,2015,0
4576,SLTM,2016,0
4577,SLTM,2017,0
4578,SLTM,2018,0
4579,SLTM,2019,0
4580,SLTM,2020,0
4581,SLTM,2021,0
4582,SLTM,2022,0
4583,SLTM,2023,0
4584,CQP,2005,0
4585,CQP,2006,0
4586,CQP,2007,42
4587,CQP,2008,53
4588,CQP,2009,53
4589,CQP,2012,53
4590,CQP,2013,53
4591,CQP,2014,53
4592,CQP,2015,53
4593,CQP,2018,53
4594,CQP,2019,53
4595,CQP,2020,53
4596,DNN,2005,0
4597,DNN,2006,0
4598,DNN,2007,38
4599,DNN,2008,53
4600,DNN,2009,53
4601,DNN,2012,53
4602,DNN,2013,53
4603,DNN,2014,53
4604,DNN,2015,53
4605,DNN,2018,53
4606,DNN,2019,53
4607,DNN,2020,53
4608,PCS,2005,0
4609,PCS,2006,0
4610,PCS,2007,38
4611,PCS,2008,53
4612,PCS,2009,53
4613,PCS,2012,53
4614,PCS,2013,18
4615,PCS,2014,0
4616,PCS,2015,0
4617,PCS,2016,0
4618,PCS,2017,0
4619,PCS,2018,0
4620,PCS,2019,0
4621,PCS,2020,0
4622,PCS,2021,0
4623,PCS,2022,0
4624,PCS,2023,0
4625,TMUS,2005,0
4626,TMUS,2006,0
4627,TMUS,2007,0
4628,TMUS,2008,0
4629,TMUS,2009,0
4630,TMUS,2010,0
4631,TMUS,2011,0
4632,TMUS,2012,0
4633,TMUS,2013,36
4634,TMUS,2014,53
4635,TMUS,2015,53
4636,TMUS,2018,53
4637,TMUS,2019,53
4638,TMUS,2020,53
4639,UNH,2007,53
4640,UNH,2008,53
4641,UNH,2009,53
4642,UNH,2012,53
4643,UNH,2013,53
4644,UNH,2014,53
4645,UNH,2015,53
4646,UNH,2018,53
4647,UNH,2019,53
4648,UNH,2020,53
4649,BIN,2005,0
4650,BIN,2006,0
4651,BIN,2007,0
4652,BIN,2008,0
4653,BIN,2009,31
4654,BIN,2011,53
4655,BIN,2012,53
4656,BIN,2013,53
4657,BIN,2014,53
4658,BIN,2015,53
4659,BIN,2016,22
4660,BIN,2017,0
4661,BIN,2018,0
4662,BIN,2019,0
4663,BIN,2020,0
4664,BIN,2021,0
4665,BIN,2022,0
4666,BIN,2023,0
4667,VIP,2005,0
4668,VIP,2006,0
4669,VIP,2007,0
4670,VIP,2008,0
4671,VIP,2009,0
4672,VIP,2010,37
4673,VIP,2012,53
4674,VIP,2013,53
4675,VIP,2014,53
4676,VIP,2015,53
4677,VIP,2017,13
4678,VIP,2018,0
4679,VIP,2019,0
4680,VIP,2020,0
4681,VIP,2021,0
4682,VIP,2022,0
4683,VIP,2023,0
4684,VEON,2005,0
4685,VEON,2006,0
4686,VEON,2007,0
4687,VEON,2008,0
4688,VEON,2009,0
4689,VEON,2010,0
4690,VEON,2011,0
4691,VEON,2012,0
4692,VEON,2013,0
4693,VEON,2014,0
4694,VEON,2015,0
4695,VEON,2016,0
4696,VEON,2017,40
4697,VEON,2018,53
4698,VEON,2019,53
4699,VEON,2020,53
